Tipo de Unidade,Unidade,Categoria,racacor,Total
A - Ensino e Pesquisa,EACH,Graduação,Amar,263
A - Ensino e Pesquisa,EACH,Graduação,Bran,2646
A - Ensino e Pesquisa,EACH,Graduação,Indig,8
A - Ensino e Pesquisa,EACH,Graduação,Pard,962
A - Ensino e Pesquisa,EACH,Graduação,Pret,339
A - Ensino e Pesquisa,EACH,Graduação,N/I,330
A - Ensino e Pesquisa,EACH,Pós-Graduação,Amar,9
A - Ensino e Pesquisa,EACH,Pós-Graduação,Bran,227
A - Ensino e Pesquisa,EACH,Pós-Graduação,Indig,2
A - Ensino e Pesquisa,EACH,Pós-Graduação,Pard,47
A - Ensino e Pesquisa,EACH,Pós-Graduação,Pret,32
A - Ensino e Pesquisa,EACH,Pós-Graduação,N/I,1138
A - Ensino e Pesquisa,EACH,Pós-Doutorando,Amar,0
A - Ensino e Pesquisa,EACH,Pós-Doutorando,Bran,10
A - Ensino e Pesquisa,EACH,Pós-Doutorando,Indig,0
A - Ensino e Pesquisa,EACH,Pós-Doutorando,Pard,0
A - Ensino e Pesquisa,EACH,Pós-Doutorando,Pret,0
A - Ensino e Pesquisa,EACH,Pós-Doutorando,N/I,59
A - Ensino e Pesquisa,ECA,Graduação,Amar,101
A - Ensino e Pesquisa,ECA,Graduação,Bran,1492
A - Ensino e Pesquisa,ECA,Graduação,Indig,4
A - Ensino e Pesquisa,ECA,Graduação,Pard,412
A - Ensino e Pesquisa,ECA,Graduação,Pret,148
A - Ensino e Pesquisa,ECA,Graduação,N/I,142
A - Ensino e Pesquisa,ECA,Pós-Graduação,Amar,1
A - Ensino e Pesquisa,ECA,Pós-Graduação,Bran,47
A - Ensino e Pesquisa,ECA,Pós-Graduação,Indig,0
A - Ensino e Pesquisa,ECA,Pós-Graduação,Pard,4
A - Ensino e Pesquisa,ECA,Pós-Graduação,Pret,1
A - Ensino e Pesquisa,ECA,Pós-Graduação,N/I,1164
A - Ensino e Pesquisa,ECA,Pós-Doutorando,Amar,0
A - Ensino e Pesquisa,ECA,Pós-Doutorando,Bran,14
A - Ensino e Pesquisa,ECA,Pós-Doutorando,Indig,0
A - Ensino e Pesquisa,ECA,Pós-Doutorando,Pard,2
A - Ensino e Pesquisa,ECA,Pós-Doutorando,Pret,1
A - Ensino e Pesquisa,ECA,Pós-Doutorando,N/I,80
A - Ensino e Pesquisa,EE,Graduação,Amar,26
A - Ensino e Pesquisa,EE,Graduação,Bran,292
A - Ensino e Pesquisa,EE,Graduação,Indig,1
A - Ensino e Pesquisa,EE,Graduação,Pard,101
A - Ensino e Pesquisa,EE,Graduação,Pret,29
A - Ensino e Pesquisa,EE,Graduação,N/I,2
A - Ensino e Pesquisa,EE,Pós-Graduação,Amar,1
A - Ensino e Pesquisa,EE,Pós-Graduação,Bran,153
A - Ensino e Pesquisa,EE,Pós-Graduação,Indig,0
A - Ensino e Pesquisa,EE,Pós-Graduação,Pard,37
A - Ensino e Pesquisa,EE,Pós-Graduação,Pret,13
A - Ensino e Pesquisa,EE,Pós-Graduação,N/I,160
A - Ensino e Pesquisa,EE,Pós-Doutorando,Amar,1
A - Ensino e Pesquisa,EE,Pós-Doutorando,Bran,11
A - Ensino e Pesquisa,EE,Pós-Doutorando,Indig,0
A - Ensino e Pesquisa,EE,Pós-Doutorando,Pard,0
A - Ensino e Pesquisa,EE,Pós-Doutorando,Pret,0
A - Ensino e Pesquisa,EE,Pós-Doutorando,N/I,11
A - Ensino e Pesquisa,EEFE,Graduação,Amar,26
A - Ensino e Pesquisa,EEFE,Graduação,Bran,325
A - Ensino e Pesquisa,EEFE,Graduação,Indig,1
A - Ensino e Pesquisa,EEFE,Graduação,Pard,78
A - Ensino e Pesquisa,EEFE,Graduação,Pret,28
A - Ensino e Pesquisa,EEFE,Graduação,N/I,34
A - Ensino e Pesquisa,EEFE,Pós-Graduação,Amar,0
A - Ensino e Pesquisa,EEFE,Pós-Graduação,Bran,7
A - Ensino e Pesquisa,EEFE,Pós-Graduação,Indig,0
A - Ensino e Pesquisa,EEFE,Pós-Graduação,Pard,1
A - Ensino e Pesquisa,EEFE,Pós-Graduação,Pret,1
A - Ensino e Pesquisa,EEFE,Pós-Graduação,N/I,153
A - Ensino e Pesquisa,EEFE,Pós-Doutorando,Amar,0
A - Ensino e Pesquisa,EEFE,Pós-Doutorando,Bran,8
A - Ensino e Pesquisa,EEFE,Pós-Doutorando,Indig,0
A - Ensino e Pesquisa,EEFE,Pós-Doutorando,Pard,1
A - Ensino e Pesquisa,EEFE,Pós-Doutorando,Pret,0
A - Ensino e Pesquisa,EEFE,Pós-Doutorando,N/I,10
A - Ensino e Pesquisa,EEFERP,Graduação,Amar,3
A - Ensino e Pesquisa,EEFERP,Graduação,Bran,187
A - Ensino e Pesquisa,EEFERP,Graduação,Indig,0
A - Ensino e Pesquisa,EEFERP,Graduação,Pard,46
A - Ensino e Pesquisa,EEFERP,Graduação,Pret,19
A - Ensino e Pesquisa,EEFERP,Graduação,N/I,16
A - Ensino e Pesquisa,EEFERP,Pós-Graduação,Amar,0
A - Ensino e Pesquisa,EEFERP,Pós-Graduação,Bran,11
A - Ensino e Pesquisa,EEFERP,Pós-Graduação,Indig,0
A - Ensino e Pesquisa,EEFERP,Pós-Graduação,Pard,2
A - Ensino e Pesquisa,EEFERP,Pós-Graduação,Pret,0
A - Ensino e Pesquisa,EEFERP,Pós-Graduação,N/I,69
A - Ensino e Pesquisa,EEFERP,Pós-Doutorando,Amar,0
A - Ensino e Pesquisa,EEFERP,Pós-Doutorando,Bran,2
A - Ensino e Pesquisa,EEFERP,Pós-Doutorando,Indig,0
A - Ensino e Pesquisa,EEFERP,Pós-Doutorando,Pard,0
A - Ensino e Pesquisa,EEFERP,Pós-Doutorando,Pret,0
A - Ensino e Pesquisa,EEFERP,Pós-Doutorando,N/I,3
A - Ensino e Pesquisa,EEL,Graduação,Amar,107
A - Ensino e Pesquisa,EEL,Graduação,Bran,1656
A - Ensino e Pesquisa,EEL,Graduação,Indig,1
A - Ensino e Pesquisa,EEL,Graduação,Pard,319
A - Ensino e Pesquisa,EEL,Graduação,Pret,57
A - Ensino e Pesquisa,EEL,Graduação,N/I,45
A - Ensino e Pesquisa,EEL,Pós-Graduação,Amar,0
A - Ensino e Pesquisa,EEL,Pós-Graduação,Bran,10
A - Ensino e Pesquisa,EEL,Pós-Graduação,Indig,0
A - Ensino e Pesquisa,EEL,Pós-Graduação,Pard,1
A - Ensino e Pesquisa,EEL,Pós-Graduação,Pret,1
A - Ensino e Pesquisa,EEL,Pós-Graduação,N/I,325
A - Ensino e Pesquisa,EEL,Pós-Doutorando,Amar,0
A - Ensino e Pesquisa,EEL,Pós-Doutorando,Bran,14
A - Ensino e Pesquisa,EEL,Pós-Doutorando,Indig,0
A - Ensino e Pesquisa,EEL,Pós-Doutorando,Pard,0
A - Ensino e Pesquisa,EEL,Pós-Doutorando,Pret,1
A - Ensino e Pesquisa,EEL,Pós-Doutorando,N/I,14
A - Ensino e Pesquisa,EERP,Graduação,Amar,11
A - Ensino e Pesquisa,EERP,Graduação,Bran,389
A - Ensino e Pesquisa,EERP,Graduação,Indig,1
A - Ensino e Pesquisa,EERP,Graduação,Pard,131
A - Ensino e Pesquisa,EERP,Graduação,Pret,37
A - Ensino e Pesquisa,EERP,Graduação,N/I,26
A - Ensino e Pesquisa,EERP,Pós-Graduação,Amar,1
A - Ensino e Pesquisa,EERP,Pós-Graduação,Bran,200
A - Ensino e Pesquisa,EERP,Pós-Graduação,Indig,0
A - Ensino e Pesquisa,EERP,Pós-Graduação,Pard,30
A - Ensino e Pesquisa,EERP,Pós-Graduação,Pret,26
A - Ensino e Pesquisa,EERP,Pós-Graduação,N/I,463
A - Ensino e Pesquisa,EERP,Pós-Doutorando,Amar,0
A - Ensino e Pesquisa,EERP,Pós-Doutorando,Bran,5
A - Ensino e Pesquisa,EERP,Pós-Doutorando,Indig,0
A - Ensino e Pesquisa,EERP,Pós-Doutorando,Pard,1
A - Ensino e Pesquisa,EERP,Pós-Doutorando,Pret,0
A - Ensino e Pesquisa,EERP,Pós-Doutorando,N/I,25
A - Ensino e Pesquisa,EESC,Graduação,Amar,143
A - Ensino e Pesquisa,EESC,Graduação,Bran,1900
A - Ensino e Pesquisa,EESC,Graduação,Indig,3
A - Ensino e Pesquisa,EESC,Graduação,Pard,320
A - Ensino e Pesquisa,EESC,Graduação,Pret,58
A - Ensino e Pesquisa,EESC,Graduação,N/I,259
A - Ensino e Pesquisa,EESC,Pós-Graduação,Amar,12
A - Ensino e Pesquisa,EESC,Pós-Graduação,Bran,379
A - Ensino e Pesquisa,EESC,Pós-Graduação,Indig,0
A - Ensino e Pesquisa,EESC,Pós-Graduação,Pard,58
A - Ensino e Pesquisa,EESC,Pós-Graduação,Pret,15
A - Ensino e Pesquisa,EESC,Pós-Graduação,N/I,1154
A - Ensino e Pesquisa,EESC,Pós-Doutorando,Amar,0
A - Ensino e Pesquisa,EESC,Pós-Doutorando,Bran,26
A - Ensino e Pesquisa,EESC,Pós-Doutorando,Indig,0
A - Ensino e Pesquisa,EESC,Pós-Doutorando,Pard,2
A - Ensino e Pesquisa,EESC,Pós-Doutorando,Pret,0
A - Ensino e Pesquisa,EESC,Pós-Doutorando,N/I,75
A - Ensino e Pesquisa,EP,Graduação,Amar,535
A - Ensino e Pesquisa,EP,Graduação,Bran,3228
A - Ensino e Pesquisa,EP,Graduação,Indig,5
A - Ensino e Pesquisa,EP,Graduação,Pard,622
A - Ensino e Pesquisa,EP,Graduação,Pret,122
A - Ensino e Pesquisa,EP,Graduação,N/I,744
A - Ensino e Pesquisa,EP,Pós-Graduação,Amar,9
A - Ensino e Pesquisa,EP,Pós-Graduação,Bran,330
A - Ensino e Pesquisa,EP,Pós-Graduação,Indig,6
A - Ensino e Pesquisa,EP,Pós-Graduação,Pard,52
A - Ensino e Pesquisa,EP,Pós-Graduação,Pret,25
A - Ensino e Pesquisa,EP,Pós-Graduação,N/I,2716
A - Ensino e Pesquisa,EP,Pós-Doutorando,Amar,8
A - Ensino e Pesquisa,EP,Pós-Doutorando,Bran,31
A - Ensino e Pesquisa,EP,Pós-Doutorando,Indig,0
A - Ensino e Pesquisa,EP,Pós-Doutorando,Pard,6
A - Ensino e Pesquisa,EP,Pós-Doutorando,Pret,1
A - Ensino e Pesquisa,EP,Pós-Doutorando,N/I,187
A - Ensino e Pesquisa,ESALQ,Graduação,Amar,65
A - Ensino e Pesquisa,ESALQ,Graduação,Bran,1703
A - Ensino e Pesquisa,ESALQ,Graduação,Indig,1
A - Ensino e Pesquisa,ESALQ,Graduação,Pard,262
A - Ensino e Pesquisa,ESALQ,Graduação,Pret,60
A - Ensino e Pesquisa,ESALQ,Graduação,N/I,199
A - Ensino e Pesquisa,ESALQ,Pós-Graduação,Amar,20
A - Ensino e Pesquisa,ESALQ,Pós-Graduação,Bran,405
A - Ensino e Pesquisa,ESALQ,Pós-Graduação,Indig,2
A - Ensino e Pesquisa,ESALQ,Pós-Graduação,Pard,72
A - Ensino e Pesquisa,ESALQ,Pós-Graduação,Pret,25
A - Ensino e Pesquisa,ESALQ,Pós-Graduação,N/I,619
A - Ensino e Pesquisa,ESALQ,Pós-Doutorando,Amar,6
A - Ensino e Pesquisa,ESALQ,Pós-Doutorando,Bran,105
A - Ensino e Pesquisa,ESALQ,Pós-Doutorando,Indig,0
A - Ensino e Pesquisa,ESALQ,Pós-Doutorando,Pard,14
A - Ensino e Pesquisa,ESALQ,Pós-Doutorando,Pret,2
A - Ensino e Pesquisa,ESALQ,Pós-Doutorando,N/I,64
A - Ensino e Pesquisa,FAU,Graduação,Amar,149
A - Ensino e Pesquisa,FAU,Graduação,Bran,874
A - Ensino e Pesquisa,FAU,Graduação,Indig,1
A - Ensino e Pesquisa,FAU,Graduação,Pard,175
A - Ensino e Pesquisa,FAU,Graduação,Pret,54
A - Ensino e Pesquisa,FAU,Graduação,N/I,70
A - Ensino e Pesquisa,FAU,Pós-Graduação,Amar,3
A - Ensino e Pesquisa,FAU,Pós-Graduação,Bran,72
A - Ensino e Pesquisa,FAU,Pós-Graduação,Indig,0
A - Ensino e Pesquisa,FAU,Pós-Graduação,Pard,3
A - Ensino e Pesquisa,FAU,Pós-Graduação,Pret,2
A - Ensino e Pesquisa,FAU,Pós-Graduação,N/I,822
A - Ensino e Pesquisa,FAU,Pós-Doutorando,Amar,0
A - Ensino e Pesquisa,FAU,Pós-Doutorando,Bran,13
A - Ensino e Pesquisa,FAU,Pós-Doutorando,Indig,0
A - Ensino e Pesquisa,FAU,Pós-Doutorando,Pard,0
A - Ensino e Pesquisa,FAU,Pós-Doutorando,Pret,0
A - Ensino e Pesquisa,FAU,Pós-Doutorando,N/I,22
A - Ensino e Pesquisa,FCF,Graduação,Amar,119
A - Ensino e Pesquisa,FCF,Graduação,Bran,620
A - Ensino e Pesquisa,FCF,Graduação,Indig,1
A - Ensino e Pesquisa,FCF,Graduação,Pard,141
A - Ensino e Pesquisa,FCF,Graduação,Pret,36
A - Ensino e Pesquisa,FCF,Graduação,N/I,19
A - Ensino e Pesquisa,FCF,Pós-Graduação,Amar,1
A - Ensino e Pesquisa,FCF,Pós-Graduação,Bran,67
A - Ensino e Pesquisa,FCF,Pós-Graduação,Indig,1
A - Ensino e Pesquisa,FCF,Pós-Graduação,Pard,9
A - Ensino e Pesquisa,FCF,Pós-Graduação,Pret,8
A - Ensino e Pesquisa,FCF,Pós-Graduação,N/I,299
A - Ensino e Pesquisa,FCF,Pós-Doutorando,Amar,0
A - Ensino e Pesquisa,FCF,Pós-Doutorando,Bran,15
A - Ensino e Pesquisa,FCF,Pós-Doutorando,Indig,0
A - Ensino e Pesquisa,FCF,Pós-Doutorando,Pard,1
A - Ensino e Pesquisa,FCF,Pós-Doutorando,Pret,1
A - Ensino e Pesquisa,FCF,Pós-Doutorando,N/I,49
A - Ensino e Pesquisa,FCFRP,Graduação,Amar,14
A - Ensino e Pesquisa,FCFRP,Graduação,Bran,309
A - Ensino e Pesquisa,FCFRP,Graduação,Indig,0
A - Ensino e Pesquisa,FCFRP,Graduação,Pard,41
A - Ensino e Pesquisa,FCFRP,Graduação,Pret,11
A - Ensino e Pesquisa,FCFRP,Graduação,N/I,78
A - Ensino e Pesquisa,FCFRP,Pós-Graduação,Amar,3
A - Ensino e Pesquisa,FCFRP,Pós-Graduação,Bran,73
A - Ensino e Pesquisa,FCFRP,Pós-Graduação,Indig,0
A - Ensino e Pesquisa,FCFRP,Pós-Graduação,Pard,14
A - Ensino e Pesquisa,FCFRP,Pós-Graduação,Pret,9
A - Ensino e Pesquisa,FCFRP,Pós-Graduação,N/I,196
A - Ensino e Pesquisa,FCFRP,Pós-Doutorando,Amar,0
A - Ensino e Pesquisa,FCFRP,Pós-Doutorando,Bran,10
A - Ensino e Pesquisa,FCFRP,Pós-Doutorando,Indig,0
A - Ensino e Pesquisa,FCFRP,Pós-Doutorando,Pard,1
A - Ensino e Pesquisa,FCFRP,Pós-Doutorando,Pret,0
A - Ensino e Pesquisa,FCFRP,Pós-Doutorando,N/I,61
A - Ensino e Pesquisa,FD,Graduação,Amar,130
A - Ensino e Pesquisa,FD,Graduação,Bran,1695
A - Ensino e Pesquisa,FD,Graduação,Indig,1
A - Ensino e Pesquisa,FD,Graduação,Pard,397
A - Ensino e Pesquisa,FD,Graduação,Pret,112
A - Ensino e Pesquisa,FD,Graduação,N/I,125
A - Ensino e Pesquisa,FD,Pós-Graduação,Amar,4
A - Ensino e Pesquisa,FD,Pós-Graduação,Bran,91
A - Ensino e Pesquisa,FD,Pós-Graduação,Indig,0
A - Ensino e Pesquisa,FD,Pós-Graduação,Pard,11
A - Ensino e Pesquisa,FD,Pós-Graduação,Pret,1
A - Ensino e Pesquisa,FD,Pós-Graduação,N/I,1556
A - Ensino e Pesquisa,FD,Pós-Doutorando,Amar,0
A - Ensino e Pesquisa,FD,Pós-Doutorando,Bran,6
A - Ensino e Pesquisa,FD,Pós-Doutorando,Indig,0
A - Ensino e Pesquisa,FD,Pós-Doutorando,Pard,0
A - Ensino e Pesquisa,FD,Pós-Doutorando,Pret,0
A - Ensino e Pesquisa,FD,Pós-Doutorando,N/I,44
A - Ensino e Pesquisa,FDRP,Graduação,Amar,3
A - Ensino e Pesquisa,FDRP,Graduação,Bran,358
A - Ensino e Pesquisa,FDRP,Graduação,Indig,0
A - Ensino e Pesquisa,FDRP,Graduação,Pard,82
A - Ensino e Pesquisa,FDRP,Graduação,Pret,23
A - Ensino e Pesquisa,FDRP,Graduação,N/I,32
A - Ensino e Pesquisa,FDRP,Pós-Graduação,Amar,0
A - Ensino e Pesquisa,FDRP,Pós-Graduação,Bran,9
A - Ensino e Pesquisa,FDRP,Pós-Graduação,Indig,0
A - Ensino e Pesquisa,FDRP,Pós-Graduação,Pard,1
A - Ensino e Pesquisa,FDRP,Pós-Graduação,Pret,0
A - Ensino e Pesquisa,FDRP,Pós-Graduação,N/I,100
A - Ensino e Pesquisa,FDRP,Pós-Doutorando,Amar,0
A - Ensino e Pesquisa,FDRP,Pós-Doutorando,Bran,2
A - Ensino e Pesquisa,FDRP,Pós-Doutorando,Indig,0
A - Ensino e Pesquisa,FDRP,Pós-Doutorando,Pard,0
A - Ensino e Pesquisa,FDRP,Pós-Doutorando,Pret,0
A - Ensino e Pesquisa,FDRP,Pós-Doutorando,N/I,3
A - Ensino e Pesquisa,FE,Graduação,Amar,34
A - Ensino e Pesquisa,FE,Graduação,Bran,578
A - Ensino e Pesquisa,FE,Graduação,Indig,1
A - Ensino e Pesquisa,FE,Graduação,Pard,206
A - Ensino e Pesquisa,FE,Graduação,Pret,76
A - Ensino e Pesquisa,FE,Graduação,N/I,87
A - Ensino e Pesquisa,FE,Pós-Graduação,Amar,2
A - Ensino e Pesquisa,FE,Pós-Graduação,Bran,62
A - Ensino e Pesquisa,FE,Pós-Graduação,Indig,0
A - Ensino e Pesquisa,FE,Pós-Graduação,Pard,13
A - Ensino e Pesquisa,FE,Pós-Graduação,Pret,5
A - Ensino e Pesquisa,FE,Pós-Graduação,N/I,731
A - Ensino e Pesquisa,FE,Pós-Doutorando,Amar,0
A - Ensino e Pesquisa,FE,Pós-Doutorando,Bran,5
A - Ensino e Pesquisa,FE,Pós-Doutorando,Indig,0
A - Ensino e Pesquisa,FE,Pós-Doutorando,Pard,2
A - Ensino e Pesquisa,FE,Pós-Doutorando,Pret,2
A - Ensino e Pesquisa,FE,Pós-Doutorando,N/I,44
A - Ensino e Pesquisa,FEA,Graduação,Amar,285
A - Ensino e Pesquisa,FEA,Graduação,Bran,2063
A - Ensino e Pesquisa,FEA,Graduação,Indig,5
A - Ensino e Pesquisa,FEA,Graduação,Pard,456
A - Ensino e Pesquisa,FEA,Graduação,Pret,93
A - Ensino e Pesquisa,FEA,Graduação,N/I,140
A - Ensino e Pesquisa,FEA,Pós-Graduação,Amar,17
A - Ensino e Pesquisa,FEA,Pós-Graduação,Bran,150
A - Ensino e Pesquisa,FEA,Pós-Graduação,Indig,0
A - Ensino e Pesquisa,FEA,Pós-Graduação,Pard,26
A - Ensino e Pesquisa,FEA,Pós-Graduação,Pret,5
A - Ensino e Pesquisa,FEA,Pós-Graduação,N/I,866
A - Ensino e Pesquisa,FEA,Pós-Doutorando,Amar,0
A - Ensino e Pesquisa,FEA,Pós-Doutorando,Bran,12
A - Ensino e Pesquisa,FEA,Pós-Doutorando,Indig,0
A - Ensino e Pesquisa,FEA,Pós-Doutorando,Pard,0
A - Ensino e Pesquisa,FEA,Pós-Doutorando,Pret,0
A - Ensino e Pesquisa,FEA,Pós-Doutorando,N/I,23
A - Ensino e Pesquisa,FEARP,Graduação,Amar,34
A - Ensino e Pesquisa,FEARP,Graduação,Bran,1159
A - Ensino e Pesquisa,FEARP,Graduação,Indig,1
A - Ensino e Pesquisa,FEARP,Graduação,Pard,185
A - Ensino e Pesquisa,FEARP,Graduação,Pret,37
A - Ensino e Pesquisa,FEARP,Graduação,N/I,26
A - Ensino e Pesquisa,FEARP,Pós-Graduação,Amar,8
A - Ensino e Pesquisa,FEARP,Pós-Graduação,Bran,190
A - Ensino e Pesquisa,FEARP,Pós-Graduação,Indig,0
A - Ensino e Pesquisa,FEARP,Pós-Graduação,Pard,30
A - Ensino e Pesquisa,FEARP,Pós-Graduação,Pret,7
A - Ensino e Pesquisa,FEARP,Pós-Graduação,N/I,49
A - Ensino e Pesquisa,FEARP,Pós-Doutorando,Amar,0
A - Ensino e Pesquisa,FEARP,Pós-Doutorando,Bran,5
A - Ensino e Pesquisa,FEARP,Pós-Doutorando,Indig,0
A - Ensino e Pesquisa,FEARP,Pós-Doutorando,Pard,1
A - Ensino e Pesquisa,FEARP,Pós-Doutorando,Pret,0
A - Ensino e Pesquisa,FEARP,Pós-Doutorando,N/I,15
A - Ensino e Pesquisa,FFCLRP,Graduação,Amar,49
A - Ensino e Pesquisa,FFCLRP,Graduação,Bran,1227
A - Ensino e Pesquisa,FFCLRP,Graduação,Indig,5
A - Ensino e Pesquisa,FFCLRP,Graduação,Pard,335
A - Ensino e Pesquisa,FFCLRP,Graduação,Pret,83
A - Ensino e Pesquisa,FFCLRP,Graduação,N/I,212
A - Ensino e Pesquisa,FFCLRP,Pós-Graduação,Amar,0
A - Ensino e Pesquisa,FFCLRP,Pós-Graduação,Bran,207
A - Ensino e Pesquisa,FFCLRP,Pós-Graduação,Indig,1
A - Ensino e Pesquisa,FFCLRP,Pós-Graduação,Pard,9
A - Ensino e Pesquisa,FFCLRP,Pós-Graduação,Pret,7
A - Ensino e Pesquisa,FFCLRP,Pós-Graduação,N/I,815
A - Ensino e Pesquisa,FFCLRP,Pós-Doutorando,Amar,0
A - Ensino e Pesquisa,FFCLRP,Pós-Doutorando,Bran,21
A - Ensino e Pesquisa,FFCLRP,Pós-Doutorando,Indig,0
A - Ensino e Pesquisa,FFCLRP,Pós-Doutorando,Pard,3
A - Ensino e Pesquisa,FFCLRP,Pós-Doutorando,Pret,0
A - Ensino e Pesquisa,FFCLRP,Pós-Doutorando,N/I,83
A - Ensino e Pesquisa,FFLCH,Graduação,Amar,301
A - Ensino e Pesquisa,FFLCH,Graduação,Bran,5778
A - Ensino e Pesquisa,FFLCH,Graduação,Indig,24
A - Ensino e Pesquisa,FFLCH,Graduação,Pard,1678
A - Ensino e Pesquisa,FFLCH,Graduação,Pret,582
A - Ensino e Pesquisa,FFLCH,Graduação,N/I,877
A - Ensino e Pesquisa,FFLCH,Pós-Graduação,Amar,21
A - Ensino e Pesquisa,FFLCH,Pós-Graduação,Bran,616
A - Ensino e Pesquisa,FFLCH,Pós-Graduação,Indig,19
A - Ensino e Pesquisa,FFLCH,Pós-Graduação,Pard,106
A - Ensino e Pesquisa,FFLCH,Pós-Graduação,Pret,101
A - Ensino e Pesquisa,FFLCH,Pós-Graduação,N/I,3314
A - Ensino e Pesquisa,FFLCH,Pós-Doutorando,Amar,1
A - Ensino e Pesquisa,FFLCH,Pós-Doutorando,Bran,54
A - Ensino e Pesquisa,FFLCH,Pós-Doutorando,Indig,0
A - Ensino e Pesquisa,FFLCH,Pós-Doutorando,Pard,0
A - Ensino e Pesquisa,FFLCH,Pós-Doutorando,Pret,2
A - Ensino e Pesquisa,FFLCH,Pós-Doutorando,N/I,337
A - Ensino e Pesquisa,FM,Graduação,Amar,148
A - Ensino e Pesquisa,FM,Graduação,Bran,910
A - Ensino e Pesquisa,FM,Graduação,Indig,2
A - Ensino e Pesquisa,FM,Graduação,Pard,229
A - Ensino e Pesquisa,FM,Graduação,Pret,43
A - Ensino e Pesquisa,FM,Graduação,N/I,162
A - Ensino e Pesquisa,FM,Pós-Graduação,Amar,8
A - Ensino e Pesquisa,FM,Pós-Graduação,Bran,337
A - Ensino e Pesquisa,FM,Pós-Graduação,Indig,1
A - Ensino e Pesquisa,FM,Pós-Graduação,Pard,142
A - Ensino e Pesquisa,FM,Pós-Graduação,Pret,6
A - Ensino e Pesquisa,FM,Pós-Graduação,N/I,2289
A - Ensino e Pesquisa,FM,Pós-Doutorando,Amar,2
A - Ensino e Pesquisa,FM,Pós-Doutorando,Bran,43
A - Ensino e Pesquisa,FM,Pós-Doutorando,Indig,1
A - Ensino e Pesquisa,FM,Pós-Doutorando,Pard,2
A - Ensino e Pesquisa,FM,Pós-Doutorando,Pret,1
A - Ensino e Pesquisa,FM,Pós-Doutorando,N/I,263
A - Ensino e Pesquisa,FMRP,Graduação,Amar,47
A - Ensino e Pesquisa,FMRP,Graduação,Bran,1086
A - Ensino e Pesquisa,FMRP,Graduação,Indig,0
A - Ensino e Pesquisa,FMRP,Graduação,Pard,220
A - Ensino e Pesquisa,FMRP,Graduação,Pret,43
A - Ensino e Pesquisa,FMRP,Graduação,N/I,25
A - Ensino e Pesquisa,FMRP,Pós-Graduação,Amar,23
A - Ensino e Pesquisa,FMRP,Pós-Graduação,Bran,962
A - Ensino e Pesquisa,FMRP,Pós-Graduação,Indig,2
A - Ensino e Pesquisa,FMRP,Pós-Graduação,Pard,155
A - Ensino e Pesquisa,FMRP,Pós-Graduação,Pret,44
A - Ensino e Pesquisa,FMRP,Pós-Graduação,N/I,846
A - Ensino e Pesquisa,FMRP,Pós-Doutorando,Amar,1
A - Ensino e Pesquisa,FMRP,Pós-Doutorando,Bran,32
A - Ensino e Pesquisa,FMRP,Pós-Doutorando,Indig,0
A - Ensino e Pesquisa,FMRP,Pós-Doutorando,Pard,2
A - Ensino e Pesquisa,FMRP,Pós-Doutorando,Pret,0
A - Ensino e Pesquisa,FMRP,Pós-Doutorando,N/I,197
A - Ensino e Pesquisa,FMVZ,Graduação,Amar,41
A - Ensino e Pesquisa,FMVZ,Graduação,Bran,290
A - Ensino e Pesquisa,FMVZ,Graduação,Indig,1
A - Ensino e Pesquisa,FMVZ,Graduação,Pard,52
A - Ensino e Pesquisa,FMVZ,Graduação,Pret,18
A - Ensino e Pesquisa,FMVZ,Graduação,N/I,69
A - Ensino e Pesquisa,FMVZ,Pós-Graduação,Amar,0
A - Ensino e Pesquisa,FMVZ,Pós-Graduação,Bran,106
A - Ensino e Pesquisa,FMVZ,Pós-Graduação,Indig,0
A - Ensino e Pesquisa,FMVZ,Pós-Graduação,Pard,9
A - Ensino e Pesquisa,FMVZ,Pós-Graduação,Pret,0
A - Ensino e Pesquisa,FMVZ,Pós-Graduação,N/I,607
A - Ensino e Pesquisa,FMVZ,Pós-Doutorando,Amar,3
A - Ensino e Pesquisa,FMVZ,Pós-Doutorando,Bran,21
A - Ensino e Pesquisa,FMVZ,Pós-Doutorando,Indig,0
A - Ensino e Pesquisa,FMVZ,Pós-Doutorando,Pard,1
A - Ensino e Pesquisa,FMVZ,Pós-Doutorando,Pret,0
A - Ensino e Pesquisa,FMVZ,Pós-Doutorando,N/I,35
A - Ensino e Pesquisa,FO,Graduação,Amar,55
A - Ensino e Pesquisa,FO,Graduação,Bran,578
A - Ensino e Pesquisa,FO,Graduação,Indig,1
A - Ensino e Pesquisa,FO,Graduação,Pard,109
A - Ensino e Pesquisa,FO,Graduação,Pret,24
A - Ensino e Pesquisa,FO,Graduação,N/I,4
A - Ensino e Pesquisa,FO,Pós-Graduação,Amar,3
A - Ensino e Pesquisa,FO,Pós-Graduação,Bran,134
A - Ensino e Pesquisa,FO,Pós-Graduação,Indig,1
A - Ensino e Pesquisa,FO,Pós-Graduação,Pard,12
A - Ensino e Pesquisa,FO,Pós-Graduação,Pret,6
A - Ensino e Pesquisa,FO,Pós-Graduação,N/I,354
A - Ensino e Pesquisa,FO,Pós-Doutorando,Amar,2
A - Ensino e Pesquisa,FO,Pós-Doutorando,Bran,13
A - Ensino e Pesquisa,FO,Pós-Doutorando,Indig,0
A - Ensino e Pesquisa,FO,Pós-Doutorando,Pard,0
A - Ensino e Pesquisa,FO,Pós-Doutorando,Pret,0
A - Ensino e Pesquisa,FO,Pós-Doutorando,N/I,18
A - Ensino e Pesquisa,FOB,Graduação,Amar,32
A - Ensino e Pesquisa,FOB,Graduação,Bran,387
A - Ensino e Pesquisa,FOB,Graduação,Indig,0
A - Ensino e Pesquisa,FOB,Graduação,Pard,76
A - Ensino e Pesquisa,FOB,Graduação,Pret,20
A - Ensino e Pesquisa,FOB,Graduação,N/I,18
A - Ensino e Pesquisa,FOB,Pós-Graduação,Amar,12
A - Ensino e Pesquisa,FOB,Pós-Graduação,Bran,255
A - Ensino e Pesquisa,FOB,Pós-Graduação,Indig,1
A - Ensino e Pesquisa,FOB,Pós-Graduação,Pard,40
A - Ensino e Pesquisa,FOB,Pós-Graduação,Pret,14
A - Ensino e Pesquisa,FOB,Pós-Graduação,N/I,148
A - Ensino e Pesquisa,FOB,Pós-Doutorando,Amar,0
A - Ensino e Pesquisa,FOB,Pós-Doutorando,Bran,16
A - Ensino e Pesquisa,FOB,Pós-Doutorando,Indig,0
A - Ensino e Pesquisa,FOB,Pós-Doutorando,Pard,0
A - Ensino e Pesquisa,FOB,Pós-Doutorando,Pret,0
A - Ensino e Pesquisa,FOB,Pós-Doutorando,N/I,28
A - Ensino e Pesquisa,FORP,Graduação,Amar,14
A - Ensino e Pesquisa,FORP,Graduação,Bran,307
A - Ensino e Pesquisa,FORP,Graduação,Indig,1
A - Ensino e Pesquisa,FORP,Graduação,Pard,60
A - Ensino e Pesquisa,FORP,Graduação,Pret,13
A - Ensino e Pesquisa,FORP,Graduação,N/I,18
A - Ensino e Pesquisa,FORP,Pós-Graduação,Amar,0
A - Ensino e Pesquisa,FORP,Pós-Graduação,Bran,32
A - Ensino e Pesquisa,FORP,Pós-Graduação,Indig,0
A - Ensino e Pesquisa,FORP,Pós-Graduação,Pard,5
A - Ensino e Pesquisa,FORP,Pós-Graduação,Pret,0
A - Ensino e Pesquisa,FORP,Pós-Graduação,N/I,261
A - Ensino e Pesquisa,FORP,Pós-Doutorando,Amar,0
A - Ensino e Pesquisa,FORP,Pós-Doutorando,Bran,11
A - Ensino e Pesquisa,FORP,Pós-Doutorando,Indig,0
A - Ensino e Pesquisa,FORP,Pós-Doutorando,Pard,1
A - Ensino e Pesquisa,FORP,Pós-Doutorando,Pret,1
A - Ensino e Pesquisa,FORP,Pós-Doutorando,N/I,20
A - Ensino e Pesquisa,FSP,Graduação,Amar,34
A - Ensino e Pesquisa,FSP,Graduação,Bran,379
A - Ensino e Pesquisa,FSP,Graduação,Indig,1
A - Ensino e Pesquisa,FSP,Graduação,Pard,90
A - Ensino e Pesquisa,FSP,Graduação,Pret,36
A - Ensino e Pesquisa,FSP,Graduação,N/I,41
A - Ensino e Pesquisa,FSP,Pós-Graduação,Amar,7
A - Ensino e Pesquisa,FSP,Pós-Graduação,Bran,228
A - Ensino e Pesquisa,FSP,Pós-Graduação,Indig,2
A - Ensino e Pesquisa,FSP,Pós-Graduação,Pard,63
A - Ensino e Pesquisa,FSP,Pós-Graduação,Pret,34
A - Ensino e Pesquisa,FSP,Pós-Graduação,N/I,352
A - Ensino e Pesquisa,FSP,Pós-Doutorando,Amar,1
A - Ensino e Pesquisa,FSP,Pós-Doutorando,Bran,10
A - Ensino e Pesquisa,FSP,Pós-Doutorando,Indig,0
A - Ensino e Pesquisa,FSP,Pós-Doutorando,Pard,0
A - Ensino e Pesquisa,FSP,Pós-Doutorando,Pret,0
A - Ensino e Pesquisa,FSP,Pós-Doutorando,N/I,62
A - Ensino e Pesquisa,FZEA,Graduação,Amar,65
A - Ensino e Pesquisa,FZEA,Graduação,Bran,1135
A - Ensino e Pesquisa,FZEA,Graduação,Indig,2
A - Ensino e Pesquisa,FZEA,Graduação,Pard,158
A - Ensino e Pesquisa,FZEA,Graduação,Pret,40
A - Ensino e Pesquisa,FZEA,Graduação,N/I,79
A - Ensino e Pesquisa,FZEA,Pós-Graduação,Amar,1
A - Ensino e Pesquisa,FZEA,Pós-Graduação,Bran,46
A - Ensino e Pesquisa,FZEA,Pós-Graduação,Indig,0
A - Ensino e Pesquisa,FZEA,Pós-Graduação,Pard,5
A - Ensino e Pesquisa,FZEA,Pós-Graduação,Pret,4
A - Ensino e Pesquisa,FZEA,Pós-Graduação,N/I,402
A - Ensino e Pesquisa,FZEA,Pós-Doutorando,Amar,1
A - Ensino e Pesquisa,FZEA,Pós-Doutorando,Bran,33
A - Ensino e Pesquisa,FZEA,Pós-Doutorando,Indig,0
A - Ensino e Pesquisa,FZEA,Pós-Doutorando,Pard,0
A - Ensino e Pesquisa,FZEA,Pós-Doutorando,Pret,1
A - Ensino e Pesquisa,FZEA,Pós-Doutorando,N/I,24
A - Ensino e Pesquisa,IAG,Graduação,Amar,15
A - Ensino e Pesquisa,IAG,Graduação,Bran,212
A - Ensino e Pesquisa,IAG,Graduação,Indig,1
A - Ensino e Pesquisa,IAG,Graduação,Pard,55
A - Ensino e Pesquisa,IAG,Graduação,Pret,21
A - Ensino e Pesquisa,IAG,Graduação,N/I,10
A - Ensino e Pesquisa,IAG,Pós-Graduação,Amar,0
A - Ensino e Pesquisa,IAG,Pós-Graduação,Bran,27
A - Ensino e Pesquisa,IAG,Pós-Graduação,Indig,0
A - Ensino e Pesquisa,IAG,Pós-Graduação,Pard,9
A - Ensino e Pesquisa,IAG,Pós-Graduação,Pret,3
A - Ensino e Pesquisa,IAG,Pós-Graduação,N/I,362
A - Ensino e Pesquisa,IAG,Pós-Doutorando,Amar,0
A - Ensino e Pesquisa,IAG,Pós-Doutorando,Bran,9
A - Ensino e Pesquisa,IAG,Pós-Doutorando,Indig,0
A - Ensino e Pesquisa,IAG,Pós-Doutorando,Pard,2
A - Ensino e Pesquisa,IAG,Pós-Doutorando,Pret,1
A - Ensino e Pesquisa,IAG,Pós-Doutorando,N/I,62
A - Ensino e Pesquisa,IAU,Graduação,Amar,13
A - Ensino e Pesquisa,IAU,Graduação,Bran,207
A - Ensino e Pesquisa,IAU,Graduação,Indig,0
A - Ensino e Pesquisa,IAU,Graduação,Pard,41
A - Ensino e Pesquisa,IAU,Graduação,Pret,8
A - Ensino e Pesquisa,IAU,Graduação,N/I,19
A - Ensino e Pesquisa,IAU,Pós-Graduação,Amar,1
A - Ensino e Pesquisa,IAU,Pós-Graduação,Bran,46
A - Ensino e Pesquisa,IAU,Pós-Graduação,Indig,0
A - Ensino e Pesquisa,IAU,Pós-Graduação,Pard,4
A - Ensino e Pesquisa,IAU,Pós-Graduação,Pret,1
A - Ensino e Pesquisa,IAU,Pós-Graduação,N/I,278
A - Ensino e Pesquisa,IAU,Pós-Doutorando,Amar,0
A - Ensino e Pesquisa,IAU,Pós-Doutorando,Bran,4
A - Ensino e Pesquisa,IAU,Pós-Doutorando,Indig,0
A - Ensino e Pesquisa,IAU,Pós-Doutorando,Pard,1
A - Ensino e Pesquisa,IAU,Pós-Doutorando,Pret,0
A - Ensino e Pesquisa,IAU,Pós-Doutorando,N/I,3
A - Ensino e Pesquisa,IB,Graduação,Amar,50
A - Ensino e Pesquisa,IB,Graduação,Bran,507
A - Ensino e Pesquisa,IB,Graduação,Indig,0
A - Ensino e Pesquisa,IB,Graduação,Pard,101
A - Ensino e Pesquisa,IB,Graduação,Pret,29
A - Ensino e Pesquisa,IB,Graduação,N/I,87
A - Ensino e Pesquisa,IB,Pós-Graduação,Amar,0
A - Ensino e Pesquisa,IB,Pós-Graduação,Bran,14
A - Ensino e Pesquisa,IB,Pós-Graduação,Indig,0
A - Ensino e Pesquisa,IB,Pós-Graduação,Pard,3
A - Ensino e Pesquisa,IB,Pós-Graduação,Pret,1
A - Ensino e Pesquisa,IB,Pós-Graduação,N/I,567
A - Ensino e Pesquisa,IB,Pós-Doutorando,Amar,1
A - Ensino e Pesquisa,IB,Pós-Doutorando,Bran,12
A - Ensino e Pesquisa,IB,Pós-Doutorando,Indig,0
A - Ensino e Pesquisa,IB,Pós-Doutorando,Pard,2
A - Ensino e Pesquisa,IB,Pós-Doutorando,Pret,0
A - Ensino e Pesquisa,IB,Pós-Doutorando,N/I,117
A - Ensino e Pesquisa,ICB,Graduação,Amar,22
A - Ensino e Pesquisa,ICB,Graduação,Bran,135
A - Ensino e Pesquisa,ICB,Graduação,Indig,0
A - Ensino e Pesquisa,ICB,Graduação,Pard,28
A - Ensino e Pesquisa,ICB,Graduação,Pret,5
A - Ensino e Pesquisa,ICB,Graduação,N/I,8
A - Ensino e Pesquisa,ICB,Pós-Graduação,Amar,9
A - Ensino e Pesquisa,ICB,Pós-Graduação,Bran,206
A - Ensino e Pesquisa,ICB,Pós-Graduação,Indig,1
A - Ensino e Pesquisa,ICB,Pós-Graduação,Pard,44
A - Ensino e Pesquisa,ICB,Pós-Graduação,Pret,12
A - Ensino e Pesquisa,ICB,Pós-Graduação,N/I,382
A - Ensino e Pesquisa,ICB,Pós-Doutorando,Amar,2
A - Ensino e Pesquisa,ICB,Pós-Doutorando,Bran,37
A - Ensino e Pesquisa,ICB,Pós-Doutorando,Indig,0
A - Ensino e Pesquisa,ICB,Pós-Doutorando,Pard,2
A - Ensino e Pesquisa,ICB,Pós-Doutorando,Pret,0
A - Ensino e Pesquisa,ICB,Pós-Doutorando,N/I,142
A - Ensino e Pesquisa,ICMC,Graduação,Amar,75
A - Ensino e Pesquisa,ICMC,Graduação,Bran,882
A - Ensino e Pesquisa,ICMC,Graduação,Indig,1
A - Ensino e Pesquisa,ICMC,Graduação,Pard,175
A - Ensino e Pesquisa,ICMC,Graduação,Pret,41
A - Ensino e Pesquisa,ICMC,Graduação,N/I,71
A - Ensino e Pesquisa,ICMC,Pós-Graduação,Amar,23
A - Ensino e Pesquisa,ICMC,Pós-Graduação,Bran,529
A - Ensino e Pesquisa,ICMC,Pós-Graduação,Indig,2
A - Ensino e Pesquisa,ICMC,Pós-Graduação,Pard,128
A - Ensino e Pesquisa,ICMC,Pós-Graduação,Pret,38
A - Ensino e Pesquisa,ICMC,Pós-Graduação,N/I,101
A - Ensino e Pesquisa,ICMC,Pós-Doutorando,Amar,0
A - Ensino e Pesquisa,ICMC,Pós-Doutorando,Bran,12
A - Ensino e Pesquisa,ICMC,Pós-Doutorando,Indig,0
A - Ensino e Pesquisa,ICMC,Pós-Doutorando,Pard,1
A - Ensino e Pesquisa,ICMC,Pós-Doutorando,Pret,0
A - Ensino e Pesquisa,ICMC,Pós-Doutorando,N/I,66
A - Ensino e Pesquisa,IF,Graduação,Amar,42
A - Ensino e Pesquisa,IF,Graduação,Bran,867
A - Ensino e Pesquisa,IF,Graduação,Indig,5
A - Ensino e Pesquisa,IF,Graduação,Pard,257
A - Ensino e Pesquisa,IF,Graduação,Pret,63
A - Ensino e Pesquisa,IF,Graduação,N/I,94
A - Ensino e Pesquisa,IF,Pós-Graduação,Amar,0
A - Ensino e Pesquisa,IF,Pós-Graduação,Bran,6
A - Ensino e Pesquisa,IF,Pós-Graduação,Indig,0
A - Ensino e Pesquisa,IF,Pós-Graduação,Pard,2
A - Ensino e Pesquisa,IF,Pós-Graduação,Pret,0
A - Ensino e Pesquisa,IF,Pós-Graduação,N/I,349
A - Ensino e Pesquisa,IF,Pós-Doutorando,Amar,3
A - Ensino e Pesquisa,IF,Pós-Doutorando,Bran,19
A - Ensino e Pesquisa,IF,Pós-Doutorando,Indig,0
A - Ensino e Pesquisa,IF,Pós-Doutorando,Pard,2
A - Ensino e Pesquisa,IF,Pós-Doutorando,Pret,0
A - Ensino e Pesquisa,IF,Pós-Doutorando,N/I,67
A - Ensino e Pesquisa,IFSC,Graduação,Amar,17
A - Ensino e Pesquisa,IFSC,Graduação,Bran,315
A - Ensino e Pesquisa,IFSC,Graduação,Indig,0
A - Ensino e Pesquisa,IFSC,Graduação,Pard,88
A - Ensino e Pesquisa,IFSC,Graduação,Pret,19
A - Ensino e Pesquisa,IFSC,Graduação,N/I,9
A - Ensino e Pesquisa,IFSC,Pós-Graduação,Amar,8
A - Ensino e Pesquisa,IFSC,Pós-Graduação,Bran,73
A - Ensino e Pesquisa,IFSC,Pós-Graduação,Indig,1
A - Ensino e Pesquisa,IFSC,Pós-Graduação,Pard,15
A - Ensino e Pesquisa,IFSC,Pós-Graduação,Pret,2
A - Ensino e Pesquisa,IFSC,Pós-Graduação,N/I,245
A - Ensino e Pesquisa,IFSC,Pós-Doutorando,Amar,0
A - Ensino e Pesquisa,IFSC,Pós-Doutorando,Bran,14
A - Ensino e Pesquisa,IFSC,Pós-Doutorando,Indig,0
A - Ensino e Pesquisa,IFSC,Pós-Doutorando,Pard,2
A - Ensino e Pesquisa,IFSC,Pós-Doutorando,Pret,0
A - Ensino e Pesquisa,IFSC,Pós-Doutorando,N/I,100
A - Ensino e Pesquisa,IGc,Graduação,Amar,20
A - Ensino e Pesquisa,IGc,Graduação,Bran,265
A - Ensino e Pesquisa,IGc,Graduação,Indig,1
A - Ensino e Pesquisa,IGc,Graduação,Pard,100
A - Ensino e Pesquisa,IGc,Graduação,Pret,36
A - Ensino e Pesquisa,IGc,Graduação,N/I,29
A - Ensino e Pesquisa,IGc,Pós-Graduação,Amar,0
A - Ensino e Pesquisa,IGc,Pós-Graduação,Bran,25
A - Ensino e Pesquisa,IGc,Pós-Graduação,Indig,0
A - Ensino e Pesquisa,IGc,Pós-Graduação,Pard,9
A - Ensino e Pesquisa,IGc,Pós-Graduação,Pret,4
A - Ensino e Pesquisa,IGc,Pós-Graduação,N/I,268
A - Ensino e Pesquisa,IGc,Pós-Doutorando,Amar,0
A - Ensino e Pesquisa,IGc,Pós-Doutorando,Bran,11
A - Ensino e Pesquisa,IGc,Pós-Doutorando,Indig,0
A - Ensino e Pesquisa,IGc,Pós-Doutorando,Pard,0
A - Ensino e Pesquisa,IGc,Pós-Doutorando,Pret,0
A - Ensino e Pesquisa,IGc,Pós-Doutorando,N/I,23
A - Ensino e Pesquisa,IME,Graduação,Amar,149
A - Ensino e Pesquisa,IME,Graduação,Bran,1015
A - Ensino e Pesquisa,IME,Graduação,Indig,1
A - Ensino e Pesquisa,IME,Graduação,Pard,328
A - Ensino e Pesquisa,IME,Graduação,Pret,71
A - Ensino e Pesquisa,IME,Graduação,N/I,67
A - Ensino e Pesquisa,IME,Pós-Graduação,Amar,3
A - Ensino e Pesquisa,IME,Pós-Graduação,Bran,44
A - Ensino e Pesquisa,IME,Pós-Graduação,Indig,0
A - Ensino e Pesquisa,IME,Pós-Graduação,Pard,12
A - Ensino e Pesquisa,IME,Pós-Graduação,Pret,1
A - Ensino e Pesquisa,IME,Pós-Graduação,N/I,951
A - Ensino e Pesquisa,IME,Pós-Doutorando,Amar,4
A - Ensino e Pesquisa,IME,Pós-Doutorando,Bran,28
A - Ensino e Pesquisa,IME,Pós-Doutorando,Indig,0
A - Ensino e Pesquisa,IME,Pós-Doutorando,Pard,1
A - Ensino e Pesquisa,IME,Pós-Doutorando,Pret,1
A - Ensino e Pesquisa,IME,Pós-Doutorando,N/I,43
A - Ensino e Pesquisa,IO,Graduação,Amar,11
A - Ensino e Pesquisa,IO,Graduação,Bran,146
A - Ensino e Pesquisa,IO,Graduação,Indig,1
A - Ensino e Pesquisa,IO,Graduação,Pard,45
A - Ensino e Pesquisa,IO,Graduação,Pret,8
A - Ensino e Pesquisa,IO,Graduação,N/I,10
A - Ensino e Pesquisa,IO,Pós-Graduação,Amar,2
A - Ensino e Pesquisa,IO,Pós-Graduação,Bran,70
A - Ensino e Pesquisa,IO,Pós-Graduação,Indig,0
A - Ensino e Pesquisa,IO,Pós-Graduação,Pard,17
A - Ensino e Pesquisa,IO,Pós-Graduação,Pret,8
A - Ensino e Pesquisa,IO,Pós-Graduação,N/I,101
A - Ensino e Pesquisa,IO,Pós-Doutorando,Amar,2
A - Ensino e Pesquisa,IO,Pós-Doutorando,Bran,21
A - Ensino e Pesquisa,IO,Pós-Doutorando,Indig,0
A - Ensino e Pesquisa,IO,Pós-Doutorando,Pard,0
A - Ensino e Pesquisa,IO,Pós-Doutorando,Pret,0
A - Ensino e Pesquisa,IO,Pós-Doutorando,N/I,28
A - Ensino e Pesquisa,IP,Graduação,Amar,36
A - Ensino e Pesquisa,IP,Graduação,Bran,290
A - Ensino e Pesquisa,IP,Graduação,Indig,0
A - Ensino e Pesquisa,IP,Graduação,Pard,62
A - Ensino e Pesquisa,IP,Graduação,Pret,18
A - Ensino e Pesquisa,IP,Graduação,N/I,15
A - Ensino e Pesquisa,IP,Pós-Graduação,Amar,6
A - Ensino e Pesquisa,IP,Pós-Graduação,Bran,236
A - Ensino e Pesquisa,IP,Pós-Graduação,Indig,1
A - Ensino e Pesquisa,IP,Pós-Graduação,Pard,29
A - Ensino e Pesquisa,IP,Pós-Graduação,Pret,18
A - Ensino e Pesquisa,IP,Pós-Graduação,N/I,843
A - Ensino e Pesquisa,IP,Pós-Doutorando,Amar,0
A - Ensino e Pesquisa,IP,Pós-Doutorando,Bran,30
A - Ensino e Pesquisa,IP,Pós-Doutorando,Indig,0
A - Ensino e Pesquisa,IP,Pós-Doutorando,Pard,2
A - Ensino e Pesquisa,IP,Pós-Doutorando,Pret,1
A - Ensino e Pesquisa,IP,Pós-Doutorando,N/I,60
A - Ensino e Pesquisa,IQ,Graduação,Amar,57
A - Ensino e Pesquisa,IQ,Graduação,Bran,505
A - Ensino e Pesquisa,IQ,Graduação,Indig,2
A - Ensino e Pesquisa,IQ,Graduação,Pard,129
A - Ensino e Pesquisa,IQ,Graduação,Pret,30
A - Ensino e Pesquisa,IQ,Graduação,N/I,49
A - Ensino e Pesquisa,IQ,Pós-Graduação,Amar,0
A - Ensino e Pesquisa,IQ,Pós-Graduação,Bran,50
A - Ensino e Pesquisa,IQ,Pós-Graduação,Indig,0
A - Ensino e Pesquisa,IQ,Pós-Graduação,Pard,2
A - Ensino e Pesquisa,IQ,Pós-Graduação,Pret,1
A - Ensino e Pesquisa,IQ,Pós-Graduação,N/I,471
A - Ensino e Pesquisa,IQ,Pós-Doutorando,Amar,1
A - Ensino e Pesquisa,IQ,Pós-Doutorando,Bran,8
A - Ensino e Pesquisa,IQ,Pós-Doutorando,Indig,0
A - Ensino e Pesquisa,IQ,Pós-Doutorando,Pard,1
A - Ensino e Pesquisa,IQ,Pós-Doutorando,Pret,0
A - Ensino e Pesquisa,IQ,Pós-Doutorando,N/I,124
A - Ensino e Pesquisa,IQSC,Graduação,Amar,5
A - Ensino e Pesquisa,IQSC,Graduação,Bran,207
A - Ensino e Pesquisa,IQSC,Graduação,Indig,0
A - Ensino e Pesquisa,IQSC,Graduação,Pard,42
A - Ensino e Pesquisa,IQSC,Graduação,Pret,9
A - Ensino e Pesquisa,IQSC,Graduação,N/I,13
A - Ensino e Pesquisa,IQSC,Pós-Graduação,Amar,2
A - Ensino e Pesquisa,IQSC,Pós-Graduação,Bran,107
A - Ensino e Pesquisa,IQSC,Pós-Graduação,Indig,1
A - Ensino e Pesquisa,IQSC,Pós-Graduação,Pard,25
A - Ensino e Pesquisa,IQSC,Pós-Graduação,Pret,6
A - Ensino e Pesquisa,IQSC,Pós-Graduação,N/I,189
A - Ensino e Pesquisa,IQSC,Pós-Doutorando,Amar,0
A - Ensino e Pesquisa,IQSC,Pós-Doutorando,Bran,8
A - Ensino e Pesquisa,IQSC,Pós-Doutorando,Indig,1
A - Ensino e Pesquisa,IQSC,Pós-Doutorando,Pard,0
A - Ensino e Pesquisa,IQSC,Pós-Doutorando,Pret,0
A - Ensino e Pesquisa,IQSC,Pós-Doutorando,N/I,56
A - Ensino e Pesquisa,IRI,Graduação,Amar,13
A - Ensino e Pesquisa,IRI,Graduação,Bran,201
A - Ensino e Pesquisa,IRI,Graduação,Indig,1
A - Ensino e Pesquisa,IRI,Graduação,Pard,64
A - Ensino e Pesquisa,IRI,Graduação,Pret,20
A - Ensino e Pesquisa,IRI,Graduação,N/I,7
A - Ensino e Pesquisa,IRI,Pós-Graduação,Amar,1
A - Ensino e Pesquisa,IRI,Pós-Graduação,Bran,3
A - Ensino e Pesquisa,IRI,Pós-Graduação,Indig,0
A - Ensino e Pesquisa,IRI,Pós-Graduação,Pard,1
A - Ensino e Pesquisa,IRI,Pós-Graduação,Pret,0
A - Ensino e Pesquisa,IRI,Pós-Graduação,N/I,158
A - Ensino e Pesquisa,IRI,Pós-Doutorando,Amar,0
A - Ensino e Pesquisa,IRI,Pós-Doutorando,Bran,2
A - Ensino e Pesquisa,IRI,Pós-Doutorando,Indig,0
A - Ensino e Pesquisa,IRI,Pós-Doutorando,Pard,0
A - Ensino e Pesquisa,IRI,Pós-Doutorando,Pret,0
A - Ensino e Pesquisa,IRI,Pós-Doutorando,N/I,5
B - Centros e Institutos Especializados,CEBIMar,Graduação,Amar,0
B - Centros e Institutos Especializados,CEBIMar,Graduação,Bran,0
B - Centros e Institutos Especializados,CEBIMar,Graduação,Indig,0
B - Centros e Institutos Especializados,CEBIMar,Graduação,Pard,0
B - Centros e Institutos Especializados,CEBIMar,Graduação,Pret,0
B - Centros e Institutos Especializados,CEBIMar,Graduação,N/I,0
B - Centros e Institutos Especializados,CEBIMar,Pós-Graduação,Amar,0
B - Centros e Institutos Especializados,CEBIMar,Pós-Graduação,Bran,0
B - Centros e Institutos Especializados,CEBIMar,Pós-Graduação,Indig,0
B - Centros e Institutos Especializados,CEBIMar,Pós-Graduação,Pard,0
B - Centros e Institutos Especializados,CEBIMar,Pós-Graduação,Pret,0
B - Centros e Institutos Especializados,CEBIMar,Pós-Graduação,N/I,0
B - Centros e Institutos Especializados,CEBIMar,Pós-Doutorando,Amar,0
B - Centros e Institutos Especializados,CEBIMar,Pós-Doutorando,Bran,2
B - Centros e Institutos Especializados,CEBIMar,Pós-Doutorando,Indig,0
B - Centros e Institutos Especializados,CEBIMar,Pós-Doutorando,Pard,0
B - Centros e Institutos Especializados,CEBIMar,Pós-Doutorando,Pret,0
B - Centros e Institutos Especializados,CEBIMar,Pós-Doutorando,N/I,3
B - Centros e Institutos Especializados,CENA,Graduação,Amar,0
B - Centros e Institutos Especializados,CENA,Graduação,Bran,0
B - Centros e Institutos Especializados,CENA,Graduação,Indig,0
B - Centros e Institutos Especializados,CENA,Graduação,Pard,0
B - Centros e Institutos Especializados,CENA,Graduação,Pret,0
B - Centros e Institutos Especializados,CENA,Graduação,N/I,0
B - Centros e Institutos Especializados,CENA,Pós-Graduação,Amar,1
B - Centros e Institutos Especializados,CENA,Pós-Graduação,Bran,8
B - Centros e Institutos Especializados,CENA,Pós-Graduação,Indig,0
B - Centros e Institutos Especializados,CENA,Pós-Graduação,Pard,2
B - Centros e Institutos Especializados,CENA,Pós-Graduação,Pret,0
B - Centros e Institutos Especializados,CENA,Pós-Graduação,N/I,130
B - Centros e Institutos Especializados,CENA,Pós-Doutorando,Amar,0
B - Centros e Institutos Especializados,CENA,Pós-Doutorando,Bran,13
B - Centros e Institutos Especializados,CENA,Pós-Doutorando,Indig,0
B - Centros e Institutos Especializados,CENA,Pós-Doutorando,Pard,0
B - Centros e Institutos Especializados,CENA,Pós-Doutorando,Pret,0
B - Centros e Institutos Especializados,CENA,Pós-Doutorando,N/I,28
B - Centros e Institutos Especializados,IEA,Graduação,Amar,0
B - Centros e Institutos Especializados,IEA,Graduação,Bran,0
B - Centros e Institutos Especializados,IEA,Graduação,Indig,0
B - Centros e Institutos Especializados,IEA,Graduação,Pard,0
B - Centros e Institutos Especializados,IEA,Graduação,Pret,0
B - Centros e Institutos Especializados,IEA,Graduação,N/I,0
B - Centros e Institutos Especializados,IEA,Pós-Graduação,Amar,0
B - Centros e Institutos Especializados,IEA,Pós-Graduação,Bran,0
B - Centros e Institutos Especializados,IEA,Pós-Graduação,Indig,0
B - Centros e Institutos Especializados,IEA,Pós-Graduação,Pard,0
B - Centros e Institutos Especializados,IEA,Pós-Graduação,Pret,0
B - Centros e Institutos Especializados,IEA,Pós-Graduação,N/I,0
B - Centros e Institutos Especializados,IEA,Pós-Doutorando,Amar,0
B - Centros e Institutos Especializados,IEA,Pós-Doutorando,Bran,6
B - Centros e Institutos Especializados,IEA,Pós-Doutorando,Indig,0
B - Centros e Institutos Especializados,IEA,Pós-Doutorando,Pard,1
B - Centros e Institutos Especializados,IEA,Pós-Doutorando,Pret,0
B - Centros e Institutos Especializados,IEA,Pós-Doutorando,N/I,42
B - Centros e Institutos Especializados,IEB,Graduação,Amar,0
B - Centros e Institutos Especializados,IEB,Graduação,Bran,0
B - Centros e Institutos Especializados,IEB,Graduação,Indig,0
B - Centros e Institutos Especializados,IEB,Graduação,Pard,0
B - Centros e Institutos Especializados,IEB,Graduação,Pret,0
B - Centros e Institutos Especializados,IEB,Graduação,N/I,0
B - Centros e Institutos Especializados,IEB,Pós-Graduação,Amar,0
B - Centros e Institutos Especializados,IEB,Pós-Graduação,Bran,17
B - Centros e Institutos Especializados,IEB,Pós-Graduação,Indig,1
B - Centros e Institutos Especializados,IEB,Pós-Graduação,Pard,1
B - Centros e Institutos Especializados,IEB,Pós-Graduação,Pret,1
B - Centros e Institutos Especializados,IEB,Pós-Graduação,N/I,125
B - Centros e Institutos Especializados,IEB,Pós-Doutorando,Amar,0
B - Centros e Institutos Especializados,IEB,Pós-Doutorando,Bran,8
B - Centros e Institutos Especializados,IEB,Pós-Doutorando,Indig,0
B - Centros e Institutos Especializados,IEB,Pós-Doutorando,Pard,0
B - Centros e Institutos Especializados,IEB,Pós-Doutorando,Pret,0
B - Centros e Institutos Especializados,IEB,Pós-Doutorando,N/I,17
B - Centros e Institutos Especializados,IEE,Graduação,Amar,0
B - Centros e Institutos Especializados,IEE,Graduação,Bran,0
B - Centros e Institutos Especializados,IEE,Graduação,Indig,0
B - Centros e Institutos Especializados,IEE,Graduação,Pard,0
B - Centros e Institutos Especializados,IEE,Graduação,Pret,0
B - Centros e Institutos Especializados,IEE,Graduação,N/I,0
B - Centros e Institutos Especializados,IEE,Pós-Graduação,Amar,1
B - Centros e Institutos Especializados,IEE,Pós-Graduação,Bran,12
B - Centros e Institutos Especializados,IEE,Pós-Graduação,Indig,0
B - Centros e Institutos Especializados,IEE,Pós-Graduação,Pard,2
B - Centros e Institutos Especializados,IEE,Pós-Graduação,Pret,1
B - Centros e Institutos Especializados,IEE,Pós-Graduação,N/I,316
B - Centros e Institutos Especializados,IEE,Pós-Doutorando,Amar,0
B - Centros e Institutos Especializados,IEE,Pós-Doutorando,Bran,6
B - Centros e Institutos Especializados,IEE,Pós-Doutorando,Indig,0
B - Centros e Institutos Especializados,IEE,Pós-Doutorando,Pard,0
B - Centros e Institutos Especializados,IEE,Pós-Doutorando,Pret,0
B - Centros e Institutos Especializados,IEE,Pós-Doutorando,N/I,24
B - Centros e Institutos Especializados,IMT,Graduação,Amar,0
B - Centros e Institutos Especializados,IMT,Graduação,Bran,0
B - Centros e Institutos Especializados,IMT,Graduação,Indig,0
B - Centros e Institutos Especializados,IMT,Graduação,Pard,0
B - Centros e Institutos Especializados,IMT,Graduação,Pret,0
B - Centros e Institutos Especializados,IMT,Graduação,N/I,0
B - Centros e Institutos Especializados,IMT,Pós-Graduação,Amar,0
B - Centros e Institutos Especializados,IMT,Pós-Graduação,Bran,16
B - Centros e Institutos Especializados,IMT,Pós-Graduação,Indig,0
B - Centros e Institutos Especializados,IMT,Pós-Graduação,Pard,3
B - Centros e Institutos Especializados,IMT,Pós-Graduação,Pret,0
B - Centros e Institutos Especializados,IMT,Pós-Graduação,N/I,17
B - Centros e Institutos Especializados,IMT,Pós-Doutorando,Amar,0
B - Centros e Institutos Especializados,IMT,Pós-Doutorando,Bran,0
B - Centros e Institutos Especializados,IMT,Pós-Doutorando,Indig,0
B - Centros e Institutos Especializados,IMT,Pós-Doutorando,Pard,0
B - Centros e Institutos Especializados,IMT,Pós-Doutorando,Pret,0
B - Centros e Institutos Especializados,IMT,Pós-Doutorando,N/I,0
C - Hospitais e Serviços Anexos,HRAC,Graduação,Amar,0
C - Hospitais e Serviços Anexos,HRAC,Graduação,Bran,0
C - Hospitais e Serviços Anexos,HRAC,Graduação,Indig,0
C - Hospitais e Serviços Anexos,HRAC,Graduação,Pard,0
C - Hospitais e Serviços Anexos,HRAC,Graduação,Pret,0
C - Hospitais e Serviços Anexos,HRAC,Graduação,N/I,0
C - Hospitais e Serviços Anexos,HRAC,Pós-Graduação,Amar,1
C - Hospitais e Serviços Anexos,HRAC,Pós-Graduação,Bran,45
C - Hospitais e Serviços Anexos,HRAC,Pós-Graduação,Indig,0
C - Hospitais e Serviços Anexos,HRAC,Pós-Graduação,Pard,1
C - Hospitais e Serviços Anexos,HRAC,Pós-Graduação,Pret,0
C - Hospitais e Serviços Anexos,HRAC,Pós-Graduação,N/I,125
C - Hospitais e Serviços Anexos,HRAC,Pós-Doutorando,Amar,0
C - Hospitais e Serviços Anexos,HRAC,Pós-Doutorando,Bran,4
C - Hospitais e Serviços Anexos,HRAC,Pós-Doutorando,Indig,0
C - Hospitais e Serviços Anexos,HRAC,Pós-Doutorando,Pard,0
C - Hospitais e Serviços Anexos,HRAC,Pós-Doutorando,Pret,0
C - Hospitais e Serviços Anexos,HRAC,Pós-Doutorando,N/I,5
C - Hospitais e Serviços Anexos,HU,Graduação,Amar,0
C - Hospitais e Serviços Anexos,HU,Graduação,Bran,0
C - Hospitais e Serviços Anexos,HU,Graduação,Indig,0
C - Hospitais e Serviços Anexos,HU,Graduação,Pard,0
C - Hospitais e Serviços Anexos,HU,Graduação,Pret,0
C - Hospitais e Serviços Anexos,HU,Graduação,N/I,0
C - Hospitais e Serviços Anexos,HU,Pós-Graduação,Amar,0
C - Hospitais e Serviços Anexos,HU,Pós-Graduação,Bran,0
C - Hospitais e Serviços Anexos,HU,Pós-Graduação,Indig,0
C - Hospitais e Serviços Anexos,HU,Pós-Graduação,Pard,0
C - Hospitais e Serviços Anexos,HU,Pós-Graduação,Pret,0
C - Hospitais e Serviços Anexos,HU,Pós-Graduação,N/I,0
C - Hospitais e Serviços Anexos,HU,Pós-Doutorando,Amar,0
C - Hospitais e Serviços Anexos,HU,Pós-Doutorando,Bran,1
C - Hospitais e Serviços Anexos,HU,Pós-Doutorando,Indig,0
C - Hospitais e Serviços Anexos,HU,Pós-Doutorando,Pard,0
C - Hospitais e Serviços Anexos,HU,Pós-Doutorando,Pret,0
C - Hospitais e Serviços Anexos,HU,Pós-Doutorando,N/I,5
D - Museus,MAC,Graduação,Amar,0
D - Museus,MAC,Graduação,Bran,0
D - Museus,MAC,Graduação,Indig,0
D - Museus,MAC,Graduação,Pard,0
D - Museus,MAC,Graduação,Pret,0
D - Museus,MAC,Graduação,N/I,0
D - Museus,MAC,Pós-Graduação,Amar,0
D - Museus,MAC,Pós-Graduação,Bran,0
D - Museus,MAC,Pós-Graduação,Indig,0
D - Museus,MAC,Pós-Graduação,Pard,0
D - Museus,MAC,Pós-Graduação,Pret,0
D - Museus,MAC,Pós-Graduação,N/I,0
D - Museus,MAC,Pós-Doutorando,Amar,0
D - Museus,MAC,Pós-Doutorando,Bran,3
D - Museus,MAC,Pós-Doutorando,Indig,0
D - Museus,MAC,Pós-Doutorando,Pard,0
D - Museus,MAC,Pós-Doutorando,Pret,0
D - Museus,MAC,Pós-Doutorando,N/I,4
D - Museus,MAE,Graduação,Amar,0
D - Museus,MAE,Graduação,Bran,0
D - Museus,MAE,Graduação,Indig,0
D - Museus,MAE,Graduação,Pard,0
D - Museus,MAE,Graduação,Pret,0
D - Museus,MAE,Graduação,N/I,0
D - Museus,MAE,Pós-Graduação,Amar,0
D - Museus,MAE,Pós-Graduação,Bran,3
D - Museus,MAE,Pós-Graduação,Indig,0
D - Museus,MAE,Pós-Graduação,Pard,0
D - Museus,MAE,Pós-Graduação,Pret,0
D - Museus,MAE,Pós-Graduação,N/I,103
D - Museus,MAE,Pós-Doutorando,Amar,0
D - Museus,MAE,Pós-Doutorando,Bran,2
D - Museus,MAE,Pós-Doutorando,Indig,0
D - Museus,MAE,Pós-Doutorando,Pard,1
D - Museus,MAE,Pós-Doutorando,Pret,0
D - Museus,MAE,Pós-Doutorando,N/I,15
D - Museus,MP,Graduação,Amar,0
D - Museus,MP,Graduação,Bran,0
D - Museus,MP,Graduação,Indig,0
D - Museus,MP,Graduação,Pard,0
D - Museus,MP,Graduação,Pret,0
D - Museus,MP,Graduação,N/I,0
D - Museus,MP,Pós-Graduação,Amar,0
D - Museus,MP,Pós-Graduação,Bran,0
D - Museus,MP,Pós-Graduação,Indig,0
D - Museus,MP,Pós-Graduação,Pard,0
D - Museus,MP,Pós-Graduação,Pret,0
D - Museus,MP,Pós-Graduação,N/I,0
D - Museus,MP,Pós-Doutorando,Amar,0
D - Museus,MP,Pós-Doutorando,Bran,1
D - Museus,MP,Pós-Doutorando,Indig,0
D - Museus,MP,Pós-Doutorando,Pard,0
D - Museus,MP,Pós-Doutorando,Pret,0
D - Museus,MP,Pós-Doutorando,N/I,9
D - Museus,MZ,Graduação,Amar,0
D - Museus,MZ,Graduação,Bran,0
D - Museus,MZ,Graduação,Indig,0
D - Museus,MZ,Graduação,Pard,0
D - Museus,MZ,Graduação,Pret,0
D - Museus,MZ,Graduação,N/I,0
D - Museus,MZ,Pós-Graduação,Amar,0
D - Museus,MZ,Pós-Graduação,Bran,3
D - Museus,MZ,Pós-Graduação,Indig,0
D - Museus,MZ,Pós-Graduação,Pard,0
D - Museus,MZ,Pós-Graduação,Pret,0
D - Museus,MZ,Pós-Graduação,N/I,43
D - Museus,MZ,Pós-Doutorando,Amar,1
D - Museus,MZ,Pós-Doutorando,Bran,1
D - Museus,MZ,Pós-Doutorando,Indig,0
D - Museus,MZ,Pós-Doutorando,Pard,0
D - Museus,MZ,Pós-Doutorando,Pret,0
D - Museus,MZ,Pós-Doutorando,N/I,14
F - Entidades Associadas,IDPC,Graduação,Amar,0
F - Entidades Associadas,IDPC,Graduação,Bran,0
F - Entidades Associadas,IDPC,Graduação,Indig,0
F - Entidades Associadas,IDPC,Graduação,Pard,0
F - Entidades Associadas,IDPC,Graduação,Pret,0
F - Entidades Associadas,IDPC,Graduação,N/I,0
F - Entidades Associadas,IDPC,Pós-Graduação,Amar,1
F - Entidades Associadas,IDPC,Pós-Graduação,Bran,57
F - Entidades Associadas,IDPC,Pós-Graduação,Indig,0
F - Entidades Associadas,IDPC,Pós-Graduação,Pard,3
F - Entidades Associadas,IDPC,Pós-Graduação,Pret,0
F - Entidades Associadas,IDPC,Pós-Graduação,N/I,29
F - Entidades Associadas,IDPC,Pós-Doutorando,Amar,0
F - Entidades Associadas,IDPC,Pós-Doutorando,Bran,0
F - Entidades Associadas,IDPC,Pós-Doutorando,Indig,0
F - Entidades Associadas,IDPC,Pós-Doutorando,Pard,0
F - Entidades Associadas,IDPC,Pós-Doutorando,Pret,0
F - Entidades Associadas,IDPC,Pós-Doutorando,N/I,0
F - Entidades Associadas,IPEN,Graduação,Amar,0
F - Entidades Associadas,IPEN,Graduação,Bran,0
F - Entidades Associadas,IPEN,Graduação,Indig,0
F - Entidades Associadas,IPEN,Graduação,Pard,0
F - Entidades Associadas,IPEN,Graduação,Pret,0
F - Entidades Associadas,IPEN,Graduação,N/I,0
F - Entidades Associadas,IPEN,Pós-Graduação,Amar,3
F - Entidades Associadas,IPEN,Pós-Graduação,Bran,24
F - Entidades Associadas,IPEN,Pós-Graduação,Indig,0
F - Entidades Associadas,IPEN,Pós-Graduação,Pard,10
F - Entidades Associadas,IPEN,Pós-Graduação,Pret,2
F - Entidades Associadas,IPEN,Pós-Graduação,N/I,756
F - Entidades Associadas,IPEN,Pós-Doutorando,Amar,0
F - Entidades Associadas,IPEN,Pós-Doutorando,Bran,0
F - Entidades Associadas,IPEN,Pós-Doutorando,Indig,0
F - Entidades Associadas,IPEN,Pós-Doutorando,Pard,0
F - Entidades Associadas,IPEN,Pós-Doutorando,Pret,0
F - Entidades Associadas,IPEN,Pós-Doutorando,N/I,0
G - Programas Conjuntos,Bioenergia,Graduação,Amar,0
G - Programas Conjuntos,Bioenergia,Graduação,Bran,0
G - Programas Conjuntos,Bioenergia,Graduação,Indig,0
G - Programas Conjuntos,Bioenergia,Graduação,Pard,0
G - Programas Conjuntos,Bioenergia,Graduação,Pret,0
G - Programas Conjuntos,Bioenergia,Graduação,N/I,0
G - Programas Conjuntos,Bioenergia,Pós-Graduação,Amar,0
G - Programas Conjuntos,Bioenergia,Pós-Graduação,Bran,8
G - Programas Conjuntos,Bioenergia,Pós-Graduação,Indig,0
G - Programas Conjuntos,Bioenergia,Pós-Graduação,Pard,0
G - Programas Conjuntos,Bioenergia,Pós-Graduação,Pret,0
G - Programas Conjuntos,Bioenergia,Pós-Graduação,N/I,12
G - Programas Conjuntos,Bioenergia,Pós-Doutorando,Amar,0
G - Programas Conjuntos,Bioenergia,Pós-Doutorando,Bran,0
G - Programas Conjuntos,Bioenergia,Pós-Doutorando,Indig,0
G - Programas Conjuntos,Bioenergia,Pós-Doutorando,Pard,0
G - Programas Conjuntos,Bioenergia,Pós-Doutorando,Pret,0
G - Programas Conjuntos,Bioenergia,Pós-Doutorando,N/I,0
G - Programas Conjuntos,EESC e ICMC,Graduação,Amar,14
G - Programas Conjuntos,EESC e ICMC,Graduação,Bran,233
G - Programas Conjuntos,EESC e ICMC,Graduação,Indig,1
G - Programas Conjuntos,EESC e ICMC,Graduação,Pard,39
G - Programas Conjuntos,EESC e ICMC,Graduação,Pret,11
G - Programas Conjuntos,EESC e ICMC,Graduação,N/I,6
G - Programas Conjuntos,EESC e ICMC,Pós-Graduação,Amar,0
G - Programas Conjuntos,EESC e ICMC,Pós-Graduação,Bran,0
G - Programas Conjuntos,EESC e ICMC,Pós-Graduação,Indig,0
G - Programas Conjuntos,EESC e ICMC,Pós-Graduação,Pard,0
G - Programas Conjuntos,EESC e ICMC,Pós-Graduação,Pret,0
G - Programas Conjuntos,EESC e ICMC,Pós-Graduação,N/I,0
G - Programas Conjuntos,EESC e ICMC,Pós-Doutorando,Amar,0
G - Programas Conjuntos,EESC e ICMC,Pós-Doutorando,Bran,0
G - Programas Conjuntos,EESC e ICMC,Pós-Doutorando,Indig,0
G - Programas Conjuntos,EESC e ICMC,Pós-Doutorando,Pard,0
G - Programas Conjuntos,EESC e ICMC,Pós-Doutorando,Pret,0
G - Programas Conjuntos,EESC e ICMC,Pós-Doutorando,N/I,0
G - Programas Conjuntos,FO/EE/FSP,Graduação,Amar,0
G - Programas Conjuntos,FO/EE/FSP,Graduação,Bran,0
G - Programas Conjuntos,FO/EE/FSP,Graduação,Indig,0
G - Programas Conjuntos,FO/EE/FSP,Graduação,Pard,0
G - Programas Conjuntos,FO/EE/FSP,Graduação,Pret,0
G - Programas Conjuntos,FO/EE/FSP,Graduação,N/I,0
G - Programas Conjuntos,FO/EE/FSP,Pós-Graduação,Amar,1
G - Programas Conjuntos,FO/EE/FSP,Pós-Graduação,Bran,16
G - Programas Conjuntos,FO/EE/FSP,Pós-Graduação,Indig,0
G - Programas Conjuntos,FO/EE/FSP,Pós-Graduação,Pard,5
G - Programas Conjuntos,FO/EE/FSP,Pós-Graduação,Pret,3
G - Programas Conjuntos,FO/EE/FSP,Pós-Graduação,N/I,46
G - Programas Conjuntos,FO/EE/FSP,Pós-Doutorando,Amar,0
G - Programas Conjuntos,FO/EE/FSP,Pós-Doutorando,Bran,0
G - Programas Conjuntos,FO/EE/FSP,Pós-Doutorando,Indig,0
G - Programas Conjuntos,FO/EE/FSP,Pós-Doutorando,Pard,0
G - Programas Conjuntos,FO/EE/FSP,Pós-Doutorando,Pret,0
G - Programas Conjuntos,FO/EE/FSP,Pós-Doutorando,N/I,0
G - Programas Conjuntos,ICMC-UFSCar,Graduação,Amar,0
G - Programas Conjuntos,ICMC-UFSCar,Graduação,Bran,0
G - Programas Conjuntos,ICMC-UFSCar,Graduação,Indig,0
G - Programas Conjuntos,ICMC-UFSCar,Graduação,Pard,0
G - Programas Conjuntos,ICMC-UFSCar,Graduação,Pret,0
G - Programas Conjuntos,ICMC-UFSCar,Graduação,N/I,0
G - Programas Conjuntos,ICMC-UFSCar,Pós-Graduação,Amar,2
G - Programas Conjuntos,ICMC-UFSCar,Pós-Graduação,Bran,55
G - Programas Conjuntos,ICMC-UFSCar,Pós-Graduação,Indig,2
G - Programas Conjuntos,ICMC-UFSCar,Pós-Graduação,Pard,20
G - Programas Conjuntos,ICMC-UFSCar,Pós-Graduação,Pret,6
G - Programas Conjuntos,ICMC-UFSCar,Pós-Graduação,N/I,18
G - Programas Conjuntos,ICMC-UFSCar,Pós-Doutorando,Amar,0
G - Programas Conjuntos,ICMC-UFSCar,Pós-Doutorando,Bran,0
G - Programas Conjuntos,ICMC-UFSCar,Pós-Doutorando,Indig,0
G - Programas Conjuntos,ICMC-UFSCar,Pós-Doutorando,Pard,0
G - Programas Conjuntos,ICMC-UFSCar,Pós-Doutorando,Pret,0
G - Programas Conjuntos,ICMC-UFSCar,Pós-Doutorando,N/I,0
G - Programas Conjuntos,Interunidades em Bioengenharia,Graduação,Amar,0
G - Programas Conjuntos,Interunidades em Bioengenharia,Graduação,Bran,0
G - Programas Conjuntos,Interunidades em Bioengenharia,Graduação,Indig,0
G - Programas Conjuntos,Interunidades em Bioengenharia,Graduação,Pard,0
G - Programas Conjuntos,Interunidades em Bioengenharia,Graduação,Pret,0
G - Programas Conjuntos,Interunidades em Bioengenharia,Graduação,N/I,0
G - Programas Conjuntos,Interunidades em Bioengenharia,Pós-Graduação,Amar,0
G - Programas Conjuntos,Interunidades em Bioengenharia,Pós-Graduação,Bran,31
G - Programas Conjuntos,Interunidades em Bioengenharia,Pós-Graduação,Indig,0
G - Programas Conjuntos,Interunidades em Bioengenharia,Pós-Graduação,Pard,2
G - Programas Conjuntos,Interunidades em Bioengenharia,Pós-Graduação,Pret,0
G - Programas Conjuntos,Interunidades em Bioengenharia,Pós-Graduação,N/I,26
G - Programas Conjuntos,Interunidades em Bioengenharia,Pós-Doutorando,Amar,0
G - Programas Conjuntos,Interunidades em Bioengenharia,Pós-Doutorando,Bran,0
G - Programas Conjuntos,Interunidades em Bioengenharia,Pós-Doutorando,Indig,0
G - Programas Conjuntos,Interunidades em Bioengenharia,Pós-Doutorando,Pard,0
G - Programas Conjuntos,Interunidades em Bioengenharia,Pós-Doutorando,Pret,0
G - Programas Conjuntos,Interunidades em Bioengenharia,Pós-Doutorando,N/I,0
G - Programas Conjuntos,Interunidades em Bioinformática,Graduação,Amar,0
G - Programas Conjuntos,Interunidades em Bioinformática,Graduação,Bran,0
G - Programas Conjuntos,Interunidades em Bioinformática,Graduação,Indig,0
G - Programas Conjuntos,Interunidades em Bioinformática,Graduação,Pard,0
G - Programas Conjuntos,Interunidades em Bioinformática,Graduação,Pret,0
G - Programas Conjuntos,Interunidades em Bioinformática,Graduação,N/I,0
G - Programas Conjuntos,Interunidades em Bioinformática,Pós-Graduação,Amar,0
G - Programas Conjuntos,Interunidades em Bioinformática,Pós-Graduação,Bran,8
G - Programas Conjuntos,Interunidades em Bioinformática,Pós-Graduação,Indig,0
G - Programas Conjuntos,Interunidades em Bioinformática,Pós-Graduação,Pard,0
G - Programas Conjuntos,Interunidades em Bioinformática,Pós-Graduação,Pret,0
G - Programas Conjuntos,Interunidades em Bioinformática,Pós-Graduação,N/I,152
G - Programas Conjuntos,Interunidades em Bioinformática,Pós-Doutorando,Amar,0
G - Programas Conjuntos,Interunidades em Bioinformática,Pós-Doutorando,Bran,0
G - Programas Conjuntos,Interunidades em Bioinformática,Pós-Doutorando,Indig,0
G - Programas Conjuntos,Interunidades em Bioinformática,Pós-Doutorando,Pard,0
G - Programas Conjuntos,Interunidades em Bioinformática,Pós-Doutorando,Pret,0
G - Programas Conjuntos,Interunidades em Bioinformática,Pós-Doutorando,N/I,0
G - Programas Conjuntos,Interunidades em Biotecnologia,Graduação,Amar,0
G - Programas Conjuntos,Interunidades em Biotecnologia,Graduação,Bran,0
G - Programas Conjuntos,Interunidades em Biotecnologia,Graduação,Indig,0
G - Programas Conjuntos,Interunidades em Biotecnologia,Graduação,Pard,0
G - Programas Conjuntos,Interunidades em Biotecnologia,Graduação,Pret,0
G - Programas Conjuntos,Interunidades em Biotecnologia,Graduação,N/I,0
G - Programas Conjuntos,Interunidades em Biotecnologia,Pós-Graduação,Amar,0
G - Programas Conjuntos,Interunidades em Biotecnologia,Pós-Graduação,Bran,5
G - Programas Conjuntos,Interunidades em Biotecnologia,Pós-Graduação,Indig,0
G - Programas Conjuntos,Interunidades em Biotecnologia,Pós-Graduação,Pard,1
G - Programas Conjuntos,Interunidades em Biotecnologia,Pós-Graduação,Pret,0
G - Programas Conjuntos,Interunidades em Biotecnologia,Pós-Graduação,N/I,193
G - Programas Conjuntos,Interunidades em Biotecnologia,Pós-Doutorando,Amar,0
G - Programas Conjuntos,Interunidades em Biotecnologia,Pós-Doutorando,Bran,0
G - Programas Conjuntos,Interunidades em Biotecnologia,Pós-Doutorando,Indig,0
G - Programas Conjuntos,Interunidades em Biotecnologia,Pós-Doutorando,Pard,0
G - Programas Conjuntos,Interunidades em Biotecnologia,Pós-Doutorando,Pret,0
G - Programas Conjuntos,Interunidades em Biotecnologia,Pós-Doutorando,N/I,0
G - Programas Conjuntos,Interunidades em Ecologia Aplicada,Graduação,Amar,0
G - Programas Conjuntos,Interunidades em Ecologia Aplicada,Graduação,Bran,0
G - Programas Conjuntos,Interunidades em Ecologia Aplicada,Graduação,Indig,0
G - Programas Conjuntos,Interunidades em Ecologia Aplicada,Graduação,Pard,0
G - Programas Conjuntos,Interunidades em Ecologia Aplicada,Graduação,Pret,0
G - Programas Conjuntos,Interunidades em Ecologia Aplicada,Graduação,N/I,0
G - Programas Conjuntos,Interunidades em Ecologia Aplicada,Pós-Graduação,Amar,2
G - Programas Conjuntos,Interunidades em Ecologia Aplicada,Pós-Graduação,Bran,45
G - Programas Conjuntos,Interunidades em Ecologia Aplicada,Pós-Graduação,Indig,0
G - Programas Conjuntos,Interunidades em Ecologia Aplicada,Pós-Graduação,Pard,2
G - Programas Conjuntos,Interunidades em Ecologia Aplicada,Pós-Graduação,Pret,0
G - Programas Conjuntos,Interunidades em Ecologia Aplicada,Pós-Graduação,N/I,30
G - Programas Conjuntos,Interunidades em Ecologia Aplicada,Pós-Doutorando,Amar,0
G - Programas Conjuntos,Interunidades em Ecologia Aplicada,Pós-Doutorando,Bran,0
G - Programas Conjuntos,Interunidades em Ecologia Aplicada,Pós-Doutorando,Indig,0
G - Programas Conjuntos,Interunidades em Ecologia Aplicada,Pós-Doutorando,Pard,0
G - Programas Conjuntos,Interunidades em Ecologia Aplicada,Pós-Doutorando,Pret,0
G - Programas Conjuntos,Interunidades em Ecologia Aplicada,Pós-Doutorando,N/I,0
G - Programas Conjuntos,Interunidades em Enfermagem,Graduação,Amar,0
G - Programas Conjuntos,Interunidades em Enfermagem,Graduação,Bran,0
G - Programas Conjuntos,Interunidades em Enfermagem,Graduação,Indig,0
G - Programas Conjuntos,Interunidades em Enfermagem,Graduação,Pard,0
G - Programas Conjuntos,Interunidades em Enfermagem,Graduação,Pret,0
G - Programas Conjuntos,Interunidades em Enfermagem,Graduação,N/I,0
G - Programas Conjuntos,Interunidades em Enfermagem,Pós-Graduação,Amar,0
G - Programas Conjuntos,Interunidades em Enfermagem,Pós-Graduação,Bran,25
G - Programas Conjuntos,Interunidades em Enfermagem,Pós-Graduação,Indig,0
G - Programas Conjuntos,Interunidades em Enfermagem,Pós-Graduação,Pard,2
G - Programas Conjuntos,Interunidades em Enfermagem,Pós-Graduação,Pret,1
G - Programas Conjuntos,Interunidades em Enfermagem,Pós-Graduação,N/I,64
G - Programas Conjuntos,Interunidades em Enfermagem,Pós-Doutorando,Amar,0
G - Programas Conjuntos,Interunidades em Enfermagem,Pós-Doutorando,Bran,0
G - Programas Conjuntos,Interunidades em Enfermagem,Pós-Doutorando,Indig,0
G - Programas Conjuntos,Interunidades em Enfermagem,Pós-Doutorando,Pard,0
G - Programas Conjuntos,Interunidades em Enfermagem,Pós-Doutorando,Pret,0
G - Programas Conjuntos,Interunidades em Enfermagem,Pós-Doutorando,N/I,0
G - Programas Conjuntos,Interunidades em Ensino de Ciências,Graduação,Amar,0
G - Programas Conjuntos,Interunidades em Ensino de Ciências,Graduação,Bran,0
G - Programas Conjuntos,Interunidades em Ensino de Ciências,Graduação,Indig,0
G - Programas Conjuntos,Interunidades em Ensino de Ciências,Graduação,Pard,0
G - Programas Conjuntos,Interunidades em Ensino de Ciências,Graduação,Pret,0
G - Programas Conjuntos,Interunidades em Ensino de Ciências,Graduação,N/I,0
G - Programas Conjuntos,Interunidades em Ensino de Ciências,Pós-Graduação,Amar,2
G - Programas Conjuntos,Interunidades em Ensino de Ciências,Pós-Graduação,Bran,16
G - Programas Conjuntos,Interunidades em Ensino de Ciências,Pós-Graduação,Indig,0
G - Programas Conjuntos,Interunidades em Ensino de Ciências,Pós-Graduação,Pard,2
G - Programas Conjuntos,Interunidades em Ensino de Ciências,Pós-Graduação,Pret,2
G - Programas Conjuntos,Interunidades em Ensino de Ciências,Pós-Graduação,N/I,244
G - Programas Conjuntos,Interunidades em Ensino de Ciências,Pós-Doutorando,Amar,0
G - Programas Conjuntos,Interunidades em Ensino de Ciências,Pós-Doutorando,Bran,0
G - Programas Conjuntos,Interunidades em Ensino de Ciências,Pós-Doutorando,Indig,0
G - Programas Conjuntos,Interunidades em Ensino de Ciências,Pós-Doutorando,Pard,0
G - Programas Conjuntos,Interunidades em Ensino de Ciências,Pós-Doutorando,Pret,0
G - Programas Conjuntos,Interunidades em Ensino de Ciências,Pós-Doutorando,N/I,0
G - Programas Conjuntos,Interunidades em Estética e História da Arte,Graduação,Amar,0
G - Programas Conjuntos,Interunidades em Estética e História da Arte,Graduação,Bran,0
G - Programas Conjuntos,Interunidades em Estética e História da Arte,Graduação,Indig,0
G - Programas Conjuntos,Interunidades em Estética e História da Arte,Graduação,Pard,0
G - Programas Conjuntos,Interunidades em Estética e História da Arte,Graduação,Pret,0
G - Programas Conjuntos,Interunidades em Estética e História da Arte,Graduação,N/I,0
G - Programas Conjuntos,Interunidades em Estética e História da Arte,Pós-Graduação,Amar,1
G - Programas Conjuntos,Interunidades em Estética e História da Arte,Pós-Graduação,Bran,21
G - Programas Conjuntos,Interunidades em Estética e História da Arte,Pós-Graduação,Indig,0
G - Programas Conjuntos,Interunidades em Estética e História da Arte,Pós-Graduação,Pard,0
G - Programas Conjuntos,Interunidades em Estética e História da Arte,Pós-Graduação,Pret,2
G - Programas Conjuntos,Interunidades em Estética e História da Arte,Pós-Graduação,N/I,145
G - Programas Conjuntos,Interunidades em Estética e História da Arte,Pós-Doutorando,Amar,0
G - Programas Conjuntos,Interunidades em Estética e História da Arte,Pós-Doutorando,Bran,0
G - Programas Conjuntos,Interunidades em Estética e História da Arte,Pós-Doutorando,Indig,0
G - Programas Conjuntos,Interunidades em Estética e História da Arte,Pós-Doutorando,Pard,0
G - Programas Conjuntos,Interunidades em Estética e História da Arte,Pós-Doutorando,Pret,0
G - Programas Conjuntos,Interunidades em Estética e História da Arte,Pós-Doutorando,N/I,0
G - Programas Conjuntos,Interunidades em Integração da América Latina,Graduação,Amar,0
G - Programas Conjuntos,Interunidades em Integração da América Latina,Graduação,Bran,0
G - Programas Conjuntos,Interunidades em Integração da América Latina,Graduação,Indig,0
G - Programas Conjuntos,Interunidades em Integração da América Latina,Graduação,Pard,0
G - Programas Conjuntos,Interunidades em Integração da América Latina,Graduação,Pret,0
G - Programas Conjuntos,Interunidades em Integração da América Latina,Graduação,N/I,0
G - Programas Conjuntos,Interunidades em Integração da América Latina,Pós-Graduação,Amar,0
G - Programas Conjuntos,Interunidades em Integração da América Latina,Pós-Graduação,Bran,6
G - Programas Conjuntos,Interunidades em Integração da América Latina,Pós-Graduação,Indig,0
G - Programas Conjuntos,Interunidades em Integração da América Latina,Pós-Graduação,Pard,1
G - Programas Conjuntos,Interunidades em Integração da América Latina,Pós-Graduação,Pret,0
G - Programas Conjuntos,Interunidades em Integração da América Latina,Pós-Graduação,N/I,139
G - Programas Conjuntos,Interunidades em Integração da América Latina,Pós-Doutorando,Amar,0
G - Programas Conjuntos,Interunidades em Integração da América Latina,Pós-Doutorando,Bran,0
G - Programas Conjuntos,Interunidades em Integração da América Latina,Pós-Doutorando,Indig,0
G - Programas Conjuntos,Interunidades em Integração da América Latina,Pós-Doutorando,Pard,0
G - Programas Conjuntos,Interunidades em Integração da América Latina,Pós-Doutorando,Pret,0
G - Programas Conjuntos,Interunidades em Integração da América Latina,Pós-Doutorando,N/I,0
G - Programas Conjuntos,Interunidades em Museologia,Graduação,Amar,0
G - Programas Conjuntos,Interunidades em Museologia,Graduação,Bran,0
G - Programas Conjuntos,Interunidades em Museologia,Graduação,Indig,0
G - Programas Conjuntos,Interunidades em Museologia,Graduação,Pard,0
G - Programas Conjuntos,Interunidades em Museologia,Graduação,Pret,0
G - Programas Conjuntos,Interunidades em Museologia,Graduação,N/I,0
G - Programas Conjuntos,Interunidades em Museologia,Pós-Graduação,Amar,0
G - Programas Conjuntos,Interunidades em Museologia,Pós-Graduação,Bran,4
G - Programas Conjuntos,Interunidades em Museologia,Pós-Graduação,Indig,0
G - Programas Conjuntos,Interunidades em Museologia,Pós-Graduação,Pard,1
G - Programas Conjuntos,Interunidades em Museologia,Pós-Graduação,Pret,0
G - Programas Conjuntos,Interunidades em Museologia,Pós-Graduação,N/I,64
G - Programas Conjuntos,Interunidades em Museologia,Pós-Doutorando,Amar,0
G - Programas Conjuntos,Interunidades em Museologia,Pós-Doutorando,Bran,0
G - Programas Conjuntos,Interunidades em Museologia,Pós-Doutorando,Indig,0
G - Programas Conjuntos,Interunidades em Museologia,Pós-Doutorando,Pard,0
G - Programas Conjuntos,Interunidades em Museologia,Pós-Doutorando,Pret,0
G - Programas Conjuntos,Interunidades em Museologia,Pós-Doutorando,N/I,0
G - Programas Conjuntos,Interunidades em Nutrição Humana Aplicada,Graduação,Amar,0
G - Programas Conjuntos,Interunidades em Nutrição Humana Aplicada,Graduação,Bran,0
G - Programas Conjuntos,Interunidades em Nutrição Humana Aplicada,Graduação,Indig,0
G - Programas Conjuntos,Interunidades em Nutrição Humana Aplicada,Graduação,Pard,0
G - Programas Conjuntos,Interunidades em Nutrição Humana Aplicada,Graduação,Pret,0
G - Programas Conjuntos,Interunidades em Nutrição Humana Aplicada,Graduação,N/I,0
G - Programas Conjuntos,Interunidades em Nutrição Humana Aplicada,Pós-Graduação,Amar,0
G - Programas Conjuntos,Interunidades em Nutrição Humana Aplicada,Pós-Graduação,Bran,0
G - Programas Conjuntos,Interunidades em Nutrição Humana Aplicada,Pós-Graduação,Indig,0
G - Programas Conjuntos,Interunidades em Nutrição Humana Aplicada,Pós-Graduação,Pard,0
G - Programas Conjuntos,Interunidades em Nutrição Humana Aplicada,Pós-Graduação,Pret,0
G - Programas Conjuntos,Interunidades em Nutrição Humana Aplicada,Pós-Graduação,N/I,4
G - Programas Conjuntos,Interunidades em Nutrição Humana Aplicada,Pós-Doutorando,Amar,0
G - Programas Conjuntos,Interunidades em Nutrição Humana Aplicada,Pós-Doutorando,Bran,0
G - Programas Conjuntos,Interunidades em Nutrição Humana Aplicada,Pós-Doutorando,Indig,0
G - Programas Conjuntos,Interunidades em Nutrição Humana Aplicada,Pós-Doutorando,Pard,0
G - Programas Conjuntos,Interunidades em Nutrição Humana Aplicada,Pós-Doutorando,Pret,0
G - Programas Conjuntos,Interunidades em Nutrição Humana Aplicada,Pós-Doutorando,N/I,0
G - Programas Conjuntos,Interunidades Licenciatura São Carlos,Graduação,Amar,5
G - Programas Conjuntos,Interunidades Licenciatura São Carlos,Graduação,Bran,113
G - Programas Conjuntos,Interunidades Licenciatura São Carlos,Graduação,Indig,0
G - Programas Conjuntos,Interunidades Licenciatura São Carlos,Graduação,Pard,18
G - Programas Conjuntos,Interunidades Licenciatura São Carlos,Graduação,Pret,8
G - Programas Conjuntos,Interunidades Licenciatura São Carlos,Graduação,N/I,25
G - Programas Conjuntos,Interunidades Licenciatura São Carlos,Pós-Graduação,Amar,0
G - Programas Conjuntos,Interunidades Licenciatura São Carlos,Pós-Graduação,Bran,0
G - Programas Conjuntos,Interunidades Licenciatura São Carlos,Pós-Graduação,Indig,0
G - Programas Conjuntos,Interunidades Licenciatura São Carlos,Pós-Graduação,Pard,0
G - Programas Conjuntos,Interunidades Licenciatura São Carlos,Pós-Graduação,Pret,0
G - Programas Conjuntos,Interunidades Licenciatura São Carlos,Pós-Graduação,N/I,0
G - Programas Conjuntos,Interunidades Licenciatura São Carlos,Pós-Doutorando,Amar,0
G - Programas Conjuntos,Interunidades Licenciatura São Carlos,Pós-Doutorando,Bran,0
G - Programas Conjuntos,Interunidades Licenciatura São Carlos,Pós-Doutorando,Indig,0
G - Programas Conjuntos,Interunidades Licenciatura São Carlos,Pós-Doutorando,Pard,0
G - Programas Conjuntos,Interunidades Licenciatura São Carlos,Pós-Doutorando,Pret,0
G - Programas Conjuntos,Interunidades Licenciatura São Carlos,Pós-Doutorando,N/I,0
G - Programas Conjuntos,Pró-G,Graduação,Amar,9
G - Programas Conjuntos,Pró-G,Graduação,Bran,74
G - Programas Conjuntos,Pró-G,Graduação,Indig,0
G - Programas Conjuntos,Pró-G,Graduação,Pard,16
G - Programas Conjuntos,Pró-G,Graduação,Pret,3
G - Programas Conjuntos,Pró-G,Graduação,N/I,11
G - Programas Conjuntos,Pró-G,Pós-Graduação,Amar,0
G - Programas Conjuntos,Pró-G,Pós-Graduação,Bran,0
G - Programas Conjuntos,Pró-G,Pós-Graduação,Indig,0
G - Programas Conjuntos,Pró-G,Pós-Graduação,Pard,0
G - Programas Conjuntos,Pró-G,Pós-Graduação,Pret,0
G - Programas Conjuntos,Pró-G,Pós-Graduação,N/I,0
G - Programas Conjuntos,Pró-G,Pós-Doutorando,Amar,0
G - Programas Conjuntos,Pró-G,Pós-Doutorando,Bran,0
G - Programas Conjuntos,Pró-G,Pós-Doutorando,Indig,0
G - Programas Conjuntos,Pró-G,Pós-Doutorando,Pard,0
G - Programas Conjuntos,Pró-G,Pós-Doutorando,Pret,0
G - Programas Conjuntos,Pró-G,Pós-Doutorando,N/I,0
